--SELECT--,--SELECT--
--SELECT--,Achalpur
Ajitpur,Achalpur
Ambada  Kandari,Achalpur
Ambuj,Achalpur
Antargaon,Achalpur
Aregaon,Achalpur
Asatpur,Achalpur
Aurangpur,Achalpur
Aurangpur,Achalpur
Bag Ambada,Achalpur
Bagad,Achalpur
Bajitpur,Achalpur
Balegaon,Achalpur
Begampura,Achalpur
Belkheda,Achalpur
Beni,Achalpur
Bhande Bonde,Achalpur
Bhilona,Achalpur
Bhitkheda,Achalpur
Bhopapur,Achalpur
Bhopapur,Achalpur
Bhugaon,Achalpur
Bordi,Achalpur
Borgaon Dori,Achalpur
Borgaon Peth,Achalpur
Borgaon Talni,Achalpur
Buradghat,Achalpur
Chachondi,Achalpur
Chamak  Kh,Achalpur
Chamak Bk,Achalpur
Chandura   Jahagir,Achalpur
Chausala,Achalpur
Chikhali,Achalpur
Darapur,Achalpur
Daryabad,Achalpur
Datura,Achalpur
Devgaon,Achalpur
Dewari,Achalpur
Dhamangaon,Achalpur
Dhamani (N.V.),Achalpur
Dharampur,Achalpur
Dhotarkheda,Achalpur
Donoda,Achalpur
Ekalaspur,Achalpur
Gaurkheda,Achalpur
Ghodgaon,Achalpur
Gondvihir,Achalpur
Gondwagholi,Achalpur
Hanawatkheda,Achalpur
Haram,Achalpur
Hiwara,Achalpur
Isapur,Achalpur
Isegaon,Achalpur
Jahanpur,Achalpur
Jalalpur,Achalpur
Jambhala,Achalpur
Janori,Achalpur
Januna,Achalpur
Jatanpur,Achalpur
Jawalapur,Achalpur
Jawardi,Achalpur
Kakda,Achalpur
Kalwit,Achalpur
Kamatwada,Achalpur
Kandali,Achalpur
Kasampur,Achalpur
Kawitha Bk.,Achalpur
Kawitha Kh,Achalpur
Khairi,Achalpur
Khambora,Achalpur
Khanapur,Achalpur
Khanapur Chinchkheda,Achalpur
Khanapur N. Bhinkheda,Achalpur
Khanapur N.Rahimpur,Achalpur
Khanjamabad,Achalpur
Khanjamanagar,Achalpur
Khanjirpur,Achalpur
Khatijapur,Achalpur
Kheal Bari,Achalpur
Kheal Bhande Bhod,Achalpur
Khel Baghad,Achalpur
Khel Bhalerao,Achalpur
Khel Bocha,Achalpur
Khel Ghumat,Achalpur
Khel Trambak,Achalpur
Khelbhalerakh,Achalpur
Kheldeomali,Achalpur
Khelgujar,Achalpur
Kheltapmali,Achalpur
Kheltekade,Achalpur
Khojanpur,Achalpur
Khudanpur,Achalpur
Khushalpur,Achalpur
Khushalpur,Achalpur
Kolha,Achalpur
Kopra,Achalpur
Kothara,Achalpur
Kumbhi,Achalpur
Kumbhi Wagholi,Achalpur
Kushta Bk.,Achalpur
Kushta Kh.,Achalpur
Mahamadpur,Achalpur
Malhara,Achalpur
Malkapur   Kh.,Achalpur
Mengnathpur,Achalpur
Mhasona,Achalpur
Mukindpur,Achalpur
Muradpur,Achalpur
Nababpur,Achalpur
Nagarwadi,Achalpur
Naigaon,Achalpur
Narayanpur,Achalpur
Narsala,Achalpur
Narsari,Achalpur
Narsingpur,Achalpur
Naubag,Achalpur
Nijampur,Achalpur
Nimbhari,Achalpur
Nimdari,Achalpur
Nimkheda,Achalpur
Nimkund,Achalpur
Panch Amba Bk.,Achalpur
Panch Amba Kh.,Achalpur
Pandhari,Achalpur
Parasapur,Achalpur
Paratwada,Achalpur
Pardi,Achalpur
Pathrot,Achalpur
Payvihir (N.V.),Achalpur
Pimpalkhuta,Achalpur
Pohi,Achalpur
Rahimapur N. Khanapur,Achalpur
Raipur,Achalpur
Raipur,Achalpur
Raipur Jahangir,Achalpur
Raipura,Achalpur
Rajjakpur,Achalpur
Rajura,Achalpur
Ramapur  Kh,Achalpur
Ramapur Bk.,Achalpur
Ramapur N. Belaj,Achalpur
Ramapur N.Jambhala,Achalpur
Ramgaon,Achalpur
Rangar Wasni,Achalpur
Rasegaon,Achalpur
Ratnapur,Achalpur
Rawalgaon,Achalpur
Rayani,Achalpur
Sahapur N  Wadgaon,Achalpur
Salabatpur,Achalpur
Salebad,Achalpur
Salepur,Achalpur
Sangnvi N Khairi,Achalpur
Sangvi Nijampur,Achalpur
Sawalapur,Achalpur
Sawali Bk.,Achalpur
Sawali Datura,Achalpur
Sawali Kh,Achalpur
Shahapur,Achalpur
Shampur,Achalpur
Shankarpur,Achalpur
Shekapur,Achalpur
Sindi  Bk.,Achalpur
Surwada,Achalpur
Tawalar,Achalpur
Tirmalpur,Achalpur
Tonglabad,Achalpur
Trimbaknarayan,Achalpur
Tuljapur Jahagir,Achalpur
Upatkheda,Achalpur
Virkheda,Achalpur
Virpur,Achalpur
Viththalapur,Achalpur
Wadgaon Fattepur,Achalpur
Wadgaon Kh,Achalpur
Wadhona Jahagir,Achalpur
Wadner Bhujang,Achalpur
Wadura,Achalpur
Wagdoh,Achalpur
Walmikpur,Achalpur
Walni Bk.,Achalpur
Walni Kh,Achalpur
Wasani   Kh.,Achalpur
Wasani  Bk.,Achalpur
Wazzar,Achalpur
Yelki,Achalpur
Yeni,Achalpur
Yesurna,Achalpur
Yevata,Achalpur
--SELECT--,Achalpur Urban
Achalpur (M Cl) - Ward No.35,Achalpur Urban
Achalpur (M Cl) - Ward No.36,Achalpur Urban
Achalpur (M Cl) - Ward No.37,Achalpur Urban
Achalpur (M Cl) - Ward No.38,Achalpur Urban
--SELECT--,Amravati
AKOLI,Amravati
Aliyabad,Amravati
Alyabad,Amravati
Amannapur,Amravati
Amdapur,Amravati
Amla,Amravati
Angoda,Amravati
Anjangaon Bari,Amravati
Antora,Amravati
Arhad,Amravati
Aurangpur,Amravati
BADNERA,Amravati
Bahilolpur,Amravati
Benoda,Amravati
Bhagvanpur,Amravati
Bhankheda Bk.,Amravati
Bhankheda Kh.,Amravati
Bharatpur,Amravati
Bodna,Amravati
Borgaon,Amravati
Brahman Wada Govindpur,Amravati
Bramhanwada Bhagat,Amravati
Chanduri,Amravati
Changapur,Amravati
Chinchkhed,Amravati
Dastapur,Amravati
Davargaon,Amravati
Deogaon,Amravati
Deogiri,Amravati
Devapur,Amravati
Devra,Amravati
Devri,Amravati
Dhamana,Amravati
Dhanora Kokate,Amravati
Digargavhan,Amravati
Donad,Amravati
Fazalapur,Amravati
GAMBHIRPUR,Amravati
Gangapur,Amravati
Ghat Kheda,Amravati
Gopalpur,Amravati
Govindpur,Amravati
Hatla,Amravati
Hirapur,Amravati
ILLHABAD,Amravati
Indhala,Amravati
Jalaka,Amravati
Jamdol,Amravati
Jamthi,Amravati
JEWAD,Amravati
Kamunja,Amravati
Kapustalani,Amravati
Karajgaon,Amravati
Kastura,Amravati
Kat Amala,Amravati
Kathora Bk.,Amravati
Kathora Kh,Amravati
Kekatpur,Amravati
Khanapur,Amravati
Krushnapur,Amravati
Kund Sarjapur,Amravati
Kurhad,Amravati
Lontek,Amravati
Madalabad,Amravati
Mahadapur,Amravati
MAHAJANPURA,Amravati
Mahsla,Amravati
Mahuli Jahangir,Amravati
Malegaon,Amravati
Malegaon,Amravati
Malkapur,Amravati
Malkapur,Amravati
Masod,Amravati
Mogra,Amravati
Morangana,Amravati
Nagapur,Amravati
Nandgaon Peth,Amravati
Nandura Bk.,Amravati
Nandura Lashkarpur,Amravati
Nandura Pingalai,Amravati
Narayanpur,Amravati
Narsingpur,Amravati
Navsari,Amravati
Naya Akola,Amravati
Nemtapur,Amravati
NIBHORA KH,Amravati
Nimbhora,Amravati
Ozarkheda,Amravati
Pandharpur,Amravati
Pardi,Amravati
Parsoda,Amravati
Parwatpur,Amravati
Peth Amravati,Amravati
Pimpal Khuta,Amravati
Pimpalvihir,Amravati
Pimpri,Amravati
Pimpri,Amravati
Pohara,Amravati
Pusada,Amravati
rahatgaon,Amravati
Raipur,Amravati
Rajapeth,Amravati
Rajura,Amravati
Ramgaon,Amravati
Rasulpur,Amravati
Rasulpur,Amravati
Revsa,Amravati
Rohan Kheda,Amravati
Rustampur,Amravati
Salora Bk.,Amravati
Salora Kh,Amravati
Saramastabad,Amravati
Saturna,Amravati
Savanga,Amravati
Sawardi,Amravati
Shahapur,Amravati
SHEGAON,Amravati
Shevati,Amravati
Shirala,Amravati
Sukali,Amravati
Sultanpur,Amravati
Sultanpur,Amravati
Takli Jaha,Amravati
Takli Kh.,Amravati
Talkhanda,Amravati
Tarkhda,Amravati
Tembha,Amravati
Thugaon,Amravati
Tukapur,Amravati
Tuljapur,Amravati
Udkhed,Amravati
Ukali,Amravati
Vadad,Amravati
Vitthalapur,Amravati
Vitthalapur,Amravati
Wadali,Amravati
Wadgaon,Amravati
Wadgaon Jire,Amravati
Wadura,Amravati
Wagholi,Amravati
Walad,Amravati
Walgaon,Amravati
Walki,Amravati
Wanarshi,Amravati
Wardhi,Amravati
WARUDA,Amravati
Warwad,Amravati
Yawali,Amravati
--SELECT--,Amravati urban
Amravati (M Corp.) - Ward No.74,Amravati urban
Amravati (M Corp.) - Ward No.75,Amravati urban
Amravati (M Corp.) - Ward No.76,Amravati urban
Amravati (M Corp.) - Ward No.77,Amravati urban
Amravati (M Corp.) - Ward No.78,Amravati urban
Amravati (M Corp.) - Ward No.79,Amravati urban
Amravati (M Corp.) - Ward No.80,Amravati urban
Amravati (M Corp.) - Ward No.81,Amravati urban
--SELECT--,Anjangaon Surji
Adgaon,Anjangaon Surji
Adgaon   Ade,Anjangaon Surji
Adgaon khade,Anjangaon Surji
Ahamadpur,Anjangaon Surji
Aiwajpur,Anjangaon Surji
Ajitpur,Anjangaon Surji
Alampur,Anjangaon Surji
Allipur,Anjangaon Surji
Aurangpur,Anjangaon Surji
Bhandaraj,Anjangaon Surji
Bhokari,Anjangaon Surji
Bhuraskhed,Anjangaon Surji
Borala,Anjangaon Surji
Borgaon Ambada,Anjangaon Surji
Bramhanwada,Anjangaon Surji
Chausala,Anjangaon Surji
Chincholi Bk.,Anjangaon Surji
Chincholi Kh.,Anjangaon Surji
Chincholi Shingne,Anjangaon Surji
Chinchona,Anjangaon Surji
Dahigaon  Kh.,Anjangaon Surji
Dahigaon Bk.,Anjangaon Surji
Deogaon,Anjangaon Surji
Deulgaon,Anjangaon Surji
Dhadi,Anjangaon Surji
Dhanegaon,Anjangaon Surji
Dhanwadi,Anjangaon Surji
Dhudaki,Anjangaon Surji
Dombala,Anjangaon Surji
Dongargaon,Anjangaon Surji
Ekalara,Anjangaon Surji
Fajalpur,Anjangaon Surji
Fattepur,Anjangaon Surji
Ganeshpur,Anjangaon Surji
Ganeshpur,Anjangaon Surji
Gaulkheda,Anjangaon Surji
Gavandgaon Bk,Anjangaon Surji
Gavandgaon Kh,Anjangaon Surji
Ghodasgaon,Anjangaon Surji
Hantoda,Anjangaon Surji
Hasanapur Pardi,Anjangaon Surji
Hayapur,Anjangaon Surji
Hingani,Anjangaon Surji
Hirapur,Anjangaon Surji
Husenpur Dhudki,Anjangaon Surji
Husenpur Khodgaon,Anjangaon Surji
Jawala Bk.,Anjangaon Surji
Jawala Kh,Anjangaon Surji
Jawardi,Anjangaon Surji
Jethamalpur,Anjangaon Surji
Kalgavhan,Anjangaon Surji
Kalwada,Anjangaon Surji
Kamalpur,Anjangaon Surji
Kapustalni,Anjangaon Surji
Karala,Anjangaon Surji
Kasbegavhan,Anjangaon Surji
Katwel,Anjangaon Surji
Khanampur,Anjangaon Surji
Khaspur,Anjangaon Surji
Khel Babuji,Anjangaon Surji
Khel Gangaji,Anjangaon Surji
Khel Hadole,Anjangaon Surji
Khel Hagone,Anjangaon Surji
Khel Hiraji,Anjangaon Surji
Khel Khadase,Anjangaon Surji
Khel Kokat,Anjangaon Surji
Khel Krushnaji,Anjangaon Surji
Khirada,Anjangaon Surji
Khirgavhan,Anjangaon Surji
khodgaon,Anjangaon Surji
Khudawanpur,Anjangaon Surji
Kokarda,Anjangaon Surji
Kotegaon,Anjangaon Surji
Kotha,Anjangaon Surji
Kumbhargaon  Kh.,Anjangaon Surji
Kumbhargaon Bk.,Anjangaon Surji
Lakhad,Anjangaon Surji
Lakhanwadi,Anjangaon Surji
Loharajpur,Anjangaon Surji
Madarpur,Anjangaon Surji
Malkapur,Anjangaon Surji
Malkapur Kh.,Anjangaon Surji
Mamrabad,Anjangaon Surji
Masamapur,Anjangaon Surji
Mohabatpur,Anjangaon Surji
Murha   Kh.,Anjangaon Surji
Murha Bk.,Anjangaon Surji
Murtijapur Ghogarda,Anjangaon Surji
Nabapur,Anjangaon Surji
Narayanpur,Anjangaon Surji
Narayanpur Kh.,Anjangaon Surji
Nimbhari,Anjangaon Surji
Nimkhed  Ade,Anjangaon Surji
Nimkhed Bazar,Anjangaon Surji
Palaskheda,Anjangaon Surji
Pandhri,Anjangaon Surji
Pardi,Anjangaon Surji
Pimpalgavhan,Anjangaon Surji
Pohi,Anjangaon Surji
Rahimapur,Anjangaon Surji
Rajapur,Anjangaon Surji
Ramgaon,Anjangaon Surji
Rampura,Anjangaon Surji
Rashidpur,Anjangaon Surji
Ratanpur Jogarda,Anjangaon Surji
Ratnapur,Anjangaon Surji
Ratnapur,Anjangaon Surji
Raundalpur,Anjangaon Surji
Saidapur,Anjangaon Surji
Saidapur,Anjangaon Surji
Sakhari,Anjangaon Surji
Samsherpur,Anjangaon Surji
Saray,Anjangaon Surji
Sarfabad,Anjangaon Surji
Sarfabad,Anjangaon Surji
Sategaon,Anjangaon Surji
Sayyadgaon,Anjangaon Surji
Shahapur,Anjangaon Surji
Shekapur,Anjangaon Surji
Shelgaon,Anjangaon Surji
Sirajgaon,Anjangaon Surji
Songaon,Anjangaon Surji
Surji,Anjangaon Surji
Takarkheda More,Anjangaon Surji
Taroda,Anjangaon Surji
Turkhed,Anjangaon Surji
Vihigaon   Bk.,Anjangaon Surji
Vihigaon  Kh.,Anjangaon Surji
Wadali,Anjangaon Surji
Wanoja,Anjangaon Surji
Warud Kh.,Anjangaon Surji
--SELECT--,Bhatkuli
Abitpur,Bhatkuli
Advi,Bhatkuli
Afjalpur,Bhatkuli
Alangaon,Bhatkuli
Anchalwadi,Bhatkuli
Antapur,Bhatkuli
Asara,Bhatkuli
ASARA BHAG 1,Bhatkuli
ASARA BHAG 2,Bhatkuli
Ashti,Bhatkuli
Badegaon,Bhatkuli
Bahaddarpur,Bhatkuli
Bailmarkheda,Bhatkuli
Ballarkheda,Bhatkuli
Bhalsi,Bhatkuli
Bhatkuli,Bhatkuli
BHATKULI BHAG 1,Bhatkuli
BHATKULI BHAG 2,Bhatkuli
Bokurkheda,Bhatkuli
Bondewadi,Bhatkuli
Borgaon,Bhatkuli
Borkhadi Bk,Bhatkuli
Borkhadi Kh,Bhatkuli
Chakur,Bhatkuli
Chandpur,Bhatkuli
Checharwadi,Bhatkuli
Chunki,Bhatkuli
Dadhi,Bhatkuli
Dagdagad,Bhatkuli
Dahatonda,Bhatkuli
Dararkheda,Bhatkuli
Daryabad,Bhatkuli
Dastarapur,Bhatkuli
Dautpur,Bhatkuli
Degurkheda,Bhatkuli
Degurkheda,Bhatkuli
Deori,Bhatkuli
Dhamori,Bhatkuli
Dhangarkheda,Bhatkuli
Dholewadi,Bhatkuli
Gaiwadi,Bhatkuli
Gajagad,Bhatkuli
Ganojadevi,Bhatkuli
Ganori,Bhatkuli
Ghatkheda,Bhatkuli
Gopgavhan,Bhatkuli
Gourkheda,Bhatkuli
Govindpur,Bhatkuli
Hartala,Bhatkuli
Hartoti,Bhatkuli
Hasanapur,Bhatkuli
Hatkheda,Bhatkuli
Haturna,Bhatkuli
Himmatpur,Bhatkuli
Hirapur,Bhatkuli
Ibrahimpur,Bhatkuli
Indapur,Bhatkuli
Ismailpur,Bhatkuli
Jaitapur,Bhatkuli
Jaitapur,Bhatkuli
Jalka,Bhatkuli
JALTAPUR,Bhatkuli
Janewadi,Bhatkuli
Jasapur,Bhatkuli
Jawara,Bhatkuli
Kakar Kheda,Bhatkuli
Kalamgavhan,Bhatkuli
Kaliche Khede,Bhatkuli
Kamnapur,Bhatkuli
Kanfodi,Bhatkuli
Kasampur,Bhatkuli
Kawtha,Bhatkuli
Khalkhoni,Bhatkuli
Khallar,Bhatkuli
Khanapur,Bhatkuli
Kharbi,Bhatkuli
Khartalegaon,Bhatkuli
Khatijapur,Bhatkuli
Kholapur,Bhatkuli
Koltek,Bhatkuli
Krishnapur,Bhatkuli
Kumagad,Bhatkuli
Kund Khurd,Bhatkuli
Makrampur,Bhatkuli
Makrandabad,Bhatkuli
Malapur,Bhatkuli
Malkapur,Bhatkuli
Malpur,Bhatkuli
Mankheda,Bhatkuli
Marki,Bhatkuli
Mhaispur,Bhatkuli
Nanded Kh,Bhatkuli
Narayanpur,Bhatkuli
Narayanpur,Bhatkuli
Nawed,Bhatkuli
Nawthal Bk,Bhatkuli
Nawthal Kh,Bhatkuli
Nimbha,Bhatkuli
Nimbhora Bk,Bhatkuli
Nimkheda,Bhatkuli
Nindodi,Bhatkuli
Nirul Gangamai,Bhatkuli
Parlam,Bhatkuli
Pedhi,Bhatkuli
Pohara,Bhatkuli
PURNA NAGAR,Bhatkuli
Raipur,Bhatkuli
Rajegaon,Bhatkuli
Rama,Bhatkuli
Rasulpur,Bhatkuli
Rinmochan,Bhatkuli
Rustampur,Bhatkuli
Sambhegaon,Bhatkuli
Sarbalanpur,Bhatkuli
Sarmaspur,Bhatkuli
Saur,Bhatkuli
Sawarkheda,Bhatkuli
Sayat,Bhatkuli
Sherpur,Bhatkuli
Shipgaon,Bhatkuli
Shivni Bk,Bhatkuli
Shivni Kd,Bhatkuli
Shiwapur,Bhatkuli
Sonarkheda,Bhatkuli
Takarkheda (Sambhu),Bhatkuli
Tatarpur,Bhatkuli
Thetkheda,Bhatkuli
Thugaon (Purnanagar),Bhatkuli
Tuljapur,Bhatkuli
Udapur,Bhatkuli
Umarapur,Bhatkuli
Umartek,Bhatkuli
Uttamsara,Bhatkuli
Virshi,Bhatkuli
Wadala,Bhatkuli
Waghoda,Bhatkuli
Waigaon,Bhatkuli
Waki,Bhatkuli
Wandli,Bhatkuli
Wasewadi,Bhatkuli
Wathoda Shukleshwar,Bhatkuli
Watonda,Bhatkuli
Zanji,Bhatkuli
--SELECT--,Chandur Railway
Ajitpur,Chandur Railway
Ambapur,Chandur Railway
Amdori,Chandur Railway
Amla Vishveshwar,Chandur Railway
Ashrafpur,Chandur Railway
Bagapur,Chandur Railway
Baggi,Chandur Railway
Baslapur,Chandur Railway
Bhiltek,Chandur Railway
Bori,Chandur Railway
Both,Chandur Railway
Bramhi,Chandur Railway
Budhali,Chandur Railway
Chandur,Chandur Railway
Chandur Kheda,Chandur Railway
Chandur Ralway 2,Chandur Railway
Chandur Wadi,Chandur Railway
Chirodi,Chandur Railway
Dahigaon,Chandur Railway
Danapur,Chandur Railway
Dhanapur,Chandur Railway
Dhanodi,Chandur Railway
Dhanora Mhali,Chandur Railway
Dhanora Mogal,Chandur Railway
Dhotra,Chandur Railway
Dighi Kolhe,Chandur Railway
Dilawarpur,Chandur Railway
Eklara,Chandur Railway
Ekpala,Chandur Railway
Gaurkheda,Chandur Railway
Ghuikhed,Chandur Railway
Hadpa,Chandur Railway
Ibrahimpur,Chandur Railway
Ismailpur,Chandur Railway
Jahagirpur,Chandur Railway
Jalka Jagtap,Chandur Railway
Jawala,Chandur Railway
Jawra,Chandur Railway
Kalamgaon,Chandur Railway
Kalamjapur,Chandur Railway
Karala,Chandur Railway
Kawtha Kadu,Chandur Railway
Khambala,Chandur Railway
Khanapur,Chandur Railway
Kharbi Mandavgad,Chandur Railway
Khudavantpur,Chandur Railway
Kirjawala,Chandur Railway
Kodori Harak,Chandur Railway
Kohla,Chandur Railway
Lalkhed,Chandur Railway
Lasnapur,Chandur Railway
Malkhed,Chandur Railway
Mandwa,Chandur Railway
Manjarkhed,Chandur Railway
Manjarkhed Da.,Chandur Railway
Mogra,Chandur Railway
Mota,Chandur Railway
Murtizapur,Chandur Railway
Naya Sawanga,Chandur Railway
Neknanpur,Chandur Railway
Nimbha,Chandur Railway
Nimgavhan,Chandur Railway
Nimla,Chandur Railway
Palaskhed,Chandur Railway
Pathargaon,Chandur Railway
Rajana,Chandur Railway
Rajura,Chandur Railway
Sakor Khu,Chandur Railway
Salora Kh.,Chandur Railway
Sangulwada,Chandur Railway
Satefal,Chandur Railway
Sawanga Bk.,Chandur Railway
Sawanga Vithoba,Chandur Railway
Sawangi Magrapur,Chandur Railway
Sawangi Sangam,Chandur Railway
Shirajgaon Korde,Chandur Railway
Shivni,Chandur Railway
Songaon,Chandur Railway
Sonora Bk.,Chandur Railway
Sonora Kh.,Chandur Railway
Supalwada,Chandur Railway
Takli,Chandur Railway
Taroda,Chandur Railway
Tembhurni,Chandur Railway
Thugaon,Chandur Railway
Titwa,Chandur Railway
Tongalabad,Chandur Railway
Tuljapur,Chandur Railway
Umarpur,Chandur Railway
Wadgaonbhat,Chandur Railway
Wai,Chandur Railway
Wai,Chandur Railway
Wajradevi,Chandur Railway
Warud,Chandur Railway
Yerad,Chandur Railway
Zibla,Chandur Railway
--SELECT--,Chandurbazar
Abdalpur,Chandurbazar
Afzalpur,Chandurbazar
Akhatwada,Chandurbazar
Alampur,Chandurbazar
Alipur,Chandurbazar
Amrullapur,Chandurbazar
Anandwadi,Chandurbazar
Angatpur,Chandurbazar
Asegaon,Chandurbazar
Bahadarpur,Chandurbazar
Barhanpur,Chandurbazar
Belaj,Chandurbazar
Belkheda,Chandurbazar
Belmandali,Chandurbazar
Belora,Chandurbazar
Belura,Chandurbazar
Beskheda,Chandurbazar
Bhalewadi,Chandurbazar
Bhangaon,Chandurbazar
Bodad,Chandurbazar
Boraj,Chandurbazar
Borala,Chandurbazar
Borgaon Mohna,Chandurbazar
Bramhanwada Pathak,Chandurbazar
Bramhanwada Thadi,Chandurbazar
Chandur Bazar,Chandurbazar
Chinchkumbh,Chandurbazar
Chincholi Bk.,Chandurbazar
Chincholi Kale,Chandurbazar
Chincholi Kh.,Chandurbazar
Dahigaon,Chandurbazar
Dattapur,Chandurbazar
Deurwada,Chandurbazar
Dewapur,Chandurbazar
Dhanora,Chandurbazar
Dhoktirth,Chandurbazar
Dilalpur,Chandurbazar
Durgwada,Chandurbazar
Fajlapur,Chandurbazar
Fubgaon,Chandurbazar
Ganoja,Chandurbazar
Gaurkheda,Chandurbazar
Ghat Ladki,Chandurbazar
Gopalpur,Chandurbazar
Govindpur,Chandurbazar
Govindpur,Chandurbazar
Haidatpur,Chandurbazar
Hashanpur,Chandurbazar
Hilalabad,Chandurbazar
Hipur,Chandurbazar
Hirapur,Chandurbazar
Hirul Purna,Chandurbazar
Hiwra Devi,Chandurbazar
Hushangabad,Chandurbazar
Imampur,Chandurbazar
Inapur,Chandurbazar
Inayatpur,Chandurbazar
Jadhavpur,Chandurbazar
Jagannathpur,Chandurbazar
Jainpur,Chandurbazar
Jalnapur,Chandurbazar
Jamapati,Chandurbazar
Jamapur,Chandurbazar
Jasapur,Chandurbazar
Jasapur,Chandurbazar
Jawara,Chandurbazar
Jawla,Chandurbazar
Kajali,Chandurbazar
Kalhodi,Chandurbazar
Karanja Bahiram,Chandurbazar
Khanjirpur,Chandurbazar
Kharala,Chandurbazar
Kharpi,Chandurbazar
Kharwadi,Chandurbazar
Khel  Khushal  Kurha,Chandurbazar
Khel Chaudhar (Karajgaon),Chandurbazar
Khel Januji (Deshmukh Kurha),Chandurbazar
Khel Januji (Kurha),Chandurbazar
Khel Mahal (Karajgaon),Chandurbazar
Khel Sakharam Deshmukh (Kurha),Chandurbazar
Khinkhini,Chandurbazar
Kodori,Chandurbazar
Kondwardha,Chandurbazar
Kotgawandi,Chandurbazar
Krishnapur,Chandurbazar
Krishnapur,Chandurbazar
Kural,Chandurbazar
Kuralpurna,Chandurbazar
Kurankhed,Chandurbazar
Lakhanwadi,Chandurbazar
Madhan,Chandurbazar
Mahamadpur,Chandurbazar
Makrampur,Chandurbazar
Malkapur,Chandurbazar
Markanda,Chandurbazar
Masod,Chandurbazar
Mirajapur,Chandurbazar
Mochkheda,Chandurbazar
Mohangaon,Chandurbazar
Mubarakgaon,Chandurbazar
Muradpur,Chandurbazar
Nagarwadi,Chandurbazar
Najarpur,Chandurbazar
Nanori,Chandurbazar
Narayanpur,Chandurbazar
Nimbhora,Chandurbazar
Nimkheda,Chandurbazar
Pala,Chandurbazar
Palaswada,Chandurbazar
Pandhari,Chandurbazar
Parsoda,Chandurbazar
Parsoda,Chandurbazar
Pimpalkhuta,Chandurbazar
Pimpri Talegaon,Chandurbazar
Pimpri Thugaon,Chandurbazar
Pithoda,Chandurbazar
Pralhadpur,Chandurbazar
Rahatgaon,Chandurbazar
Rajna,Chandurbazar
Rajura (Lahan),Chandurbazar
Ramdalpur,Chandurbazar
Rasidpur,Chandurbazar
Rasullapur,Chandurbazar
Ratanpur,Chandurbazar
Redwa,Chandurbazar
Rodori,Chandurbazar
Saidapur,Chandurbazar
Saikheda,Chandurbazar
Sambhora,Chandurbazar
Sanjapur,Chandurbazar
Sarfabad,Chandurbazar
Sarfapur,Chandurbazar
Sayyadpur,Chandurbazar
Shahapur,Chandurbazar
Shahapur N.Jawla,Chandurbazar
Shahapur-Hipur,Chandurbazar
Sharyatpur,Chandurbazar
Shirajgaon  Kasba,Chandurbazar
Shirajgaon Ardak,Chandurbazar
Shirajgaon Bhag 1,Chandurbazar
Shirajgaon Bhag 2,Chandurbazar
SHIRAJGAON KASBA 3,Chandurbazar
Shivpur,Chandurbazar
Shiwanga,Chandurbazar
Silimpur,Chandurbazar
Sindi Kh.,Chandurbazar
Sirajgaon Ardak,Chandurbazar
Sirajgaon Band,Chandurbazar
Somthana,Chandurbazar
Sonori,Chandurbazar
Subhanpur,Chandurbazar
Sultanpur,Chandurbazar
Sultanpur,Chandurbazar
Sundarpur,Chandurbazar
Surali,Chandurbazar
Takarkheda,Chandurbazar
Talegaon Mohna,Chandurbazar
Talni,Chandurbazar
Talvel,Chandurbazar
Tamaswadi,Chandurbazar
Thugaon Pimpri,Chandurbazar
Tondgaon,Chandurbazar
Tonglapur,Chandurbazar
Trimalpur,Chandurbazar
Tuljapur Gadhi,Chandurbazar
Udapur,Chandurbazar
Umari,Chandurbazar
Virul,Chandurbazar
Vishroli,Chandurbazar
Vithalpur,Chandurbazar
Wadala,Chandurbazar
Wadura,Chandurbazar
Wadura,Chandurbazar
Wani,Chandurbazar
Waroli,Chandurbazar
Wathonda,Chandurbazar
--SELECT--,Chikhaldara
Adhav,Chikhaldara
Adnadi,Chikhaldara
Ahad,Chikhaldara
Aki,Chikhaldara
Aladoh,Chikhaldara
Ambapati,Chikhaldara
Amona,Chikhaldara
Amzari,Chikhaldara
Asalwada,Chikhaldara
Awagad,Chikhaldara
Badnapur,Chikhaldara
Baglinga,Chikhaldara
Bahadarpur,Chikhaldara
Bamadehi,Chikhaldara
Barugavhan,Chikhaldara
Barukheda,Chikhaldara
Bela,Chikhaldara
Belkund,Chikhaldara
Bhagdari,Chikhaldara
Bhandora,Chikhaldara
Bhandri,Chikhaldara
Bhandum,Chikhaldara
Bhandum,Chikhaldara
Bhawai,Chikhaldara
Bhilkheda,Chikhaldara
Bhilkheda,Chikhaldara
Bhiroja,Chikhaldara
Bhulori,Chikhaldara
Bhutrum,Chikhaldara
Biba,Chikhaldara
Bichukheda,Chikhaldara
Bihali,Chikhaldara
Bilu,Chikhaldara
Bodu,Chikhaldara
Borala,Chikhaldara
Borda,Chikhaldara
Borhyatakheda,Chikhaldara
Bori,Chikhaldara
Borikheda,Chikhaldara
Butida,Chikhaldara
Chandpur,Chikhaldara
Chauramal,Chikhaldara
Chichati,Chikhaldara
Chichkheda,Chikhaldara
Chikhali,Chikhaldara
Chilati,Chikhaldara
Chobita,Chikhaldara
Chunkhadi,Chikhaldara
Churni,Chikhaldara
Churni,Chikhaldara
Dabiya,Chikhaldara
Dahendri,Chikhaldara
Dhakna,Chikhaldara
Dharamdoh,Chikhaldara
Dhargad,Chikhaldara
Dhomnipata,Chikhaldara
Dolar,Chikhaldara
Dolar,Chikhaldara
Dolar,Chikhaldara
Doma,Chikhaldara
Domi,Chikhaldara
Ektai,Chikhaldara
Gadgabhandum,Chikhaldara
Gadsimbha,Chikhaldara
Gangadhari,Chikhaldara
Gangarkheda,Chikhaldara
Garajdari,Chikhaldara
Gaulkheda,Chikhaldara
Gaulkheda Bazar,Chikhaldara
Ghana,Chikhaldara
Ghatang,Chikhaldara
Girguti,Chikhaldara
Gudifata,Chikhaldara
Gularghat,Chikhaldara
Hatru,Chikhaldara
Hattighat,Chikhaldara
Hilda,Chikhaldara
Hiradmal,Chikhaldara
Hirdamal,Chikhaldara
Jaitadehi,Chikhaldara
Jamli,Chikhaldara
Jamlivan,Chikhaldara
Jamun Nala,Chikhaldara
Jarida,Chikhaldara
Jawaharkund,Chikhaldara
Kajaldoh,Chikhaldara
Kakadari,Chikhaldara
Kalapani,Chikhaldara
Kamapur,Chikhaldara
Kamida,Chikhaldara
Kanheri,Chikhaldara
Karada,Chikhaldara
Karanjkheda,Chikhaldara
Katkumbh,Chikhaldara
Keli,Chikhaldara
Kelpani,Chikhaldara
Kesharpur,Chikhaldara
Khadimal,Chikhaldara
Khandukheda,Chikhaldara
Khari,Chikhaldara
Khatkali,Chikhaldara
Khatkali,Chikhaldara
Khirapani,Chikhaldara
Khongada,Chikhaldara
Kohana,Chikhaldara
Kohi,Chikhaldara
Koktu,Chikhaldara
Kolkas,Chikhaldara
Korda,Chikhaldara
Kotmi,Chikhaldara
Koylari,Chikhaldara
Kulangana Bk.,Chikhaldara
Kulangana Kh.,Chikhaldara
Kumbhi,Chikhaldara
Kundi,Chikhaldara
Kutambi,Chikhaldara
Lakhewada,Chikhaldara
Lavada,Chikhaldara
Lawada,Chikhaldara
Lonazari,Chikhaldara
Madizadap,Chikhaldara
Madki,Chikhaldara
Makhala,Chikhaldara
Malkapur,Chikhaldara
Manbhang,Chikhaldara
Manjarkapdi,Chikhaldara
Marawani,Chikhaldara
Marita,Chikhaldara
Masondi,Chikhaldara
Mehriaam,Chikhaldara
Memna,Chikhaldara
Menghat,Chikhaldara
Morgad,Chikhaldara
Motha,Chikhaldara
Mozari,Chikhaldara
Nagapur,Chikhaldara
Nagartas,Chikhaldara
Nagdehli,Chikhaldara
Nawalgaon,Chikhaldara
Nilthum,Chikhaldara
Pachdongri,Chikhaldara
Palaspani,Chikhaldara
Palshya,Chikhaldara
Pandhra Khadak,Chikhaldara
Pastalai,Chikhaldara
Patkahu,Chikhaldara
Pili,Chikhaldara
Pipadari,Chikhaldara
Piplya,Chikhaldara
Pirkheda,Chikhaldara
Rahu,Chikhaldara
Raipur,Chikhaldara
Raksha,Chikhaldara
Ramtek,Chikhaldara
Rehatyakheda,Chikhaldara
Ruipathar,Chikhaldara
Rupagad,Chikhaldara
Sakhari Chikhalpati,Chikhaldara
Salibardi,Chikhaldara
Salita,Chikhaldara
Salona,Chikhaldara
Sarwarkheda,Chikhaldara
Sattiruipatha,Chikhaldara
Sawarpani,Chikhaldara
Sawarya,Chikhaldara
Semadoh,Chikhaldara
Shahapur,Chikhaldara
Shiwanpani,Chikhaldara
Simori,Chikhaldara
Sirasitand,Chikhaldara
Somthana Bk,Chikhaldara
Somthana Kh.,Chikhaldara
Somwarkheda,Chikhaldara
Sonapur,Chikhaldara
Sumita,Chikhaldara
Tarubanda,Chikhaldara
Tekda Nagzira,Chikhaldara
Tekdakheda,Chikhaldara
Telkhar,Chikhaldara
Tembhrusonda,Chikhaldara
Tembru,Chikhaldara
Tetu,Chikhaldara
Tongalphodi,Chikhaldara
Toranwadi,Chikhaldara
Vairat,Chikhaldara
Vastapur,Chikhaldara
Wadapati,Chikhaldara
Wadpani,Chikhaldara
Wanroad,Chikhaldara
Wavadi,Chikhaldara
Zingapur,Chikhaldara
Zira,Chikhaldara
--SELECT--,Chikhaldara urban
Chikhaldara (M Cl) Ward No. 1,Chikhaldara urban
Chikhaldara (M Cl) Ward No. 10,Chikhaldara urban
Chikhaldara (M Cl) Ward No. 11,Chikhaldara urban
Chikhaldara (M Cl) Ward No. 12,Chikhaldara urban
Chikhaldara (M Cl) Ward No. 13,Chikhaldara urban
Chikhaldara (M Cl) Ward No. 14,Chikhaldara urban
Chikhaldara (M Cl) Ward No. 15,Chikhaldara urban
Chikhaldara (M Cl) Ward No. 16,Chikhaldara urban
Chikhaldara (M Cl) Ward No. 17,Chikhaldara urban
Chikhaldara (M Cl) Ward No. 2,Chikhaldara urban
Chikhaldara (M Cl) Ward No. 3,Chikhaldara urban
Chikhaldara (M Cl) Ward No. 4,Chikhaldara urban
Chikhaldara (M Cl) Ward No. 5,Chikhaldara urban
Chikhaldara (M Cl) Ward No. 6,Chikhaldara urban
Chikhaldara (M Cl) Ward No. 7,Chikhaldara urban
Chikhaldara (M Cl) Ward No. 8,Chikhaldara urban
Chikhaldara (M Cl) Ward No. 9,Chikhaldara urban
--SELECT--,Daryapur
Adula Bazar,Daryapur
Ahmadpur,Daryapur
Ajitpur,Daryapur
Alampur,Daryapur
Amla,Daryapur
Antargaon,Daryapur
Antargaon,Daryapur
ANTARGAON SHIVANGI,Daryapur
Arala,Daryapur
Babhali,Daryapur
Bahadarpur,Daryapur
Banosa,Daryapur
Belora,Daryapur
Bembala Kh.,Daryapur
Bembla Bk.,Daryapur
Bhambora,Daryapur
Bhamod,Daryapur
Bhuikheda,Daryapur
Bhujwada,Daryapur
Bhuras Ramagad,Daryapur
Borala,Daryapur
Chandai,Daryapur
Chandikapur,Daryapur
Chandkhed,Daryapur
Chandola,Daryapur
Chandrapur,Daryapur
Chandur,Daryapur
CHANDURI,Daryapur
CHIPURDA,Daryapur
Darapur,Daryapur
Darkheda,Daryapur
Daryapur,Daryapur
Dhamane  Kh.,Daryapur
Dhamodi,Daryapur
Dhanora,Daryapur
Dighi,Daryapur
Dongargaon,Daryapur
Eklara Bhamod,Daryapur
Elichpur,Daryapur
Elori Mirzapur,Daryapur
ER. BHAMOD,Daryapur
Gajipur,Daryapur
Ganeshapur,Daryapur
Gaurkheda,Daryapur
Gaywadi,Daryapur
Ghada,Daryapur
Ghodchandi,Daryapur
Ghuikhed,Daryapur
Golegaon,Daryapur
Haibatpur,Daryapur
Hasanpur,Daryapur
Hingani Mirzapur,Daryapur
Husenpur,Daryapur
Ichora,Daryapur
Indalwadi,Daryapur
Itki,Daryapur
Jagarwadi,Daryapur
Jahanpur,Daryapur
Jahanpur,Daryapur
Jainpur,Daryapur
Jaitapur,Daryapur
Jasapur,Daryapur
Jitapur,Daryapur
Kalamgavhan,Daryapur
Kalashi,Daryapur
Kanholi,Daryapur
Kapshi,Daryapur
Karatkhed,Daryapur
Kasampur,Daryapur
Katkheda,Daryapur
Khairi,Daryapur
Khalilpur,Daryapur
Khallar,Daryapur
Khanpur,Daryapur
Kharsanglood,Daryapur
Khel Nagawe,Daryapur
Khirgavhan,Daryapur
Khurmabad,Daryapur
Khursanpur,Daryapur
Kolambi,Daryapur
Kuberi,Daryapur
Kukasa,Daryapur
Landi,Daryapur
Lasur,Daryapur
Lehgaon,Daryapur
Lodhipur,Daryapur
Lohitkhed,Daryapur
Lotwada,Daryapur
Mahamadpur,Daryapur
Mahimapur,Daryapur
Mahuli,Daryapur
MALKAPUR,Daryapur
Malkapur Bk.,Daryapur
Markanda,Daryapur
Matargaon,Daryapur
Mhaispur,Daryapur
Mhaispur Mocharda,Daryapur
Mulpatabad,Daryapur
Mustafapur,Daryapur
Nachona,Daryapur
Naigaon,Daryapur
Nalwada,Daryapur
Nanded Bk.,Daryapur
Nandrun,Daryapur
Nandura,Daryapur
Nardoda,Daryapur
Narsingpur,Daryapur
Panora,Daryapur
Patharvira,Daryapur
Peth Itbarpur,Daryapur
Pimpal Khuta,Daryapur
Pimplod,Daryapur
Pralhadpur,Daryapur
Rajkhed,Daryapur
RAJKHEDERANDGAON,Daryapur
Ramagad,Daryapur
Ramgaon,Daryapur
Ramtirtha,Daryapur
Rustampur,Daryapur
Sagarwadi,Daryapur
Samada,Daryapur
Sangawa Bk.,Daryapur
Sangawa Kh.,Daryapur
Sanglood,Daryapur
Sasan Bk.,Daryapur
Sasan Ramapur,Daryapur
Shahapur,Daryapur
Shinganwadi,Daryapur
Shingnapur,Daryapur
Shirajda,Daryapur
Shivar Bk.,Daryapur
Shivarkheda,Daryapur
Shiwar Kh.,Daryapur
Sikandarpur,Daryapur
Sonkhas,Daryapur
Sonkhed,Daryapur
Soundli Hirapur,Daryapur
Sujapur,Daryapur
Sukali,Daryapur
Takali,Daryapur
Takar Kheda Kawade,Daryapur
Tamaswadi,Daryapur
Telkheda,Daryapur
Thilori,Daryapur
Tonglabad,Daryapur
Umari Itbarpur,Daryapur
UMARI KUBERI,Daryapur
Umari Kuran,Daryapur
Umari Mamdabad,Daryapur
Uprai,Daryapur
Wadhal Gavhan,Daryapur
Wadner Gangai,Daryapur
Wadura,Daryapur
Warud Bk.,Daryapur
Yeoda Bk.,Daryapur
Yerandgaon,Daryapur
Zingala,Daryapur
--SELECT--,Daryapur Banosa urban
Daryapur Banosa (M Cl) - Ward No.19,Daryapur Banosa urban
Daryapur Banosa (M Cl) - Ward No.20,Daryapur Banosa urban
--SELECT--,Dhamangaon Railway
Amadabad,Dhamangaon Railway
Anjangaon,Dhamangaon Railway
Anjansingi,Dhamangaon Railway
Anjanwati,Dhamangaon Railway
Asegaon,Dhamangaon Railway
Ashok Nagar,Dhamangaon Railway
Ashta,Dhamangaon Railway
Bahirampur,Dhamangaon Railway
Barhanpur,Dhamangaon Railway
Bhatkuli,Dhamangaon Railway
Bhilli,Dhamangaon Railway
Borgaon Dhande,Dhamangaon Railway
Borgaon Nistane,Dhamangaon Railway
Borwaghal,Dhamangaon Railway
Chincholi,Dhamangaon Railway
Chinchpur,Dhamangaon Railway
Dabhada,Dhamangaon Railway
Dattaji Trambak,Dhamangaon Railway
Dattapur,Dhamangaon Railway
Daulatabad,Dhamangaon Railway
Devgaon,Dhamangaon Railway
Dhakulgaon,Dhamangaon Railway
Dighi Mahalle,Dhamangaon Railway
Dipori,Dhamangaon Railway
Edalabad,Dhamangaon Railway
Ganeshpur,Dhamangaon Railway
Gangajali,Dhamangaon Railway
Gavha Farkade,Dhamangaon Railway
Gavha Nipani,Dhamangaon Railway
Ghusali,Dhamangaon Railway
Giroli,Dhamangaon Railway
Gokulsara,Dhamangaon Railway
Gunji,Dhamangaon Railway
Haibatpur,Dhamangaon Railway
Haibatpur,Dhamangaon Railway
Hingangaon,Dhamangaon Railway
Hirapur,Dhamangaon Railway
Hirapur,Dhamangaon Railway
Hirpur,Dhamangaon Railway
Isapur,Dhamangaon Railway
Jalgaon,Dhamangaon Railway
Jalgaon Arvi,Dhamangaon Railway
Jalka Patache,Dhamangaon Railway
Janhapur,Dhamangaon Railway
Jodhapur,Dhamangaon Railway
Juna Dhamangaon,Dhamangaon Railway
Kalashi,Dhamangaon Railway
Kamnapur,Dhamangaon Railway
Kasarkheda,Dhamangaon Railway
Kashikhed,Dhamangaon Railway
Kawali,Dhamangaon Railway
Khanapur,Dhamangaon Railway
Khanapur,Dhamangaon Railway
Kharda,Dhamangaon Railway
Mahimapur,Dhamangaon Railway
Malatpur,Dhamangaon Railway
Malhar Koner,Dhamangaon Railway
Mambapur,Dhamangaon Railway
Mirpur,Dhamangaon Railway
Mirzapur,Dhamangaon Railway
Mubarakpur,Dhamangaon Railway
Mulfatpur,Dhamangaon Railway
Mund Anant Vyankatesh,Dhamangaon Railway
Mund Daf Ambapur,Dhamangaon Railway
Mund Dattaji Tryambak,Dhamangaon Railway
Mund Kadtaram Damodar,Dhamangaon Railway
Mund Khushal Raghunath,Dhamangaon Railway
Mund Nilkanth Sakharam,Dhamangaon Railway
Mund Vyankatesh Bhashkar,Dhamangaon Railway
Nagapur,Dhamangaon Railway
Nargawandi,Dhamangaon Railway
Naygaon,Dhamangaon Railway
Nimbapur,Dhamangaon Railway
Nimbhora Bodkha,Dhamangaon Railway
Nimbhora Raj,Dhamangaon Railway
Nimboli,Dhamangaon Railway
Parsodi,Dhamangaon Railway
Pathanpur,Dhamangaon Railway
Peth Raghunathpur,Dhamangaon Railway
Pimpalkhuta,Dhamangaon Railway
Raipur,Dhamangaon Railway
Ramgaon,Dhamangaon Railway
Rasulpur,Dhamangaon Railway
Saidapur,Dhamangaon Railway
Salabatpur,Dhamangaon Railway
Salnapur,Dhamangaon Railway
Samsherpur Bk.,Dhamangaon Railway
Samsherpur Kh.,Dhamangaon Railway
Sawla,Dhamangaon Railway
Shahapur,Dhamangaon Railway
Shampur,Dhamangaon Railway
Shampur,Dhamangaon Railway
Shendurjana Kh.,Dhamangaon Railway
Shidodi,Dhamangaon Railway
Sonegaon Kharda,Dhamangaon Railway
Sonora Kakade,Dhamangaon Railway
Talegaon Dashasar,Dhamangaon Railway
Talni,Dhamangaon Railway
Taroda,Dhamangaon Railway
Tiwra,Dhamangaon Railway
Tuljapur,Dhamangaon Railway
Usalgavhan,Dhamangaon Railway
Vaknath,Dhamangaon Railway
Vasad,Dhamangaon Railway
Virul Ronghe,Dhamangaon Railway
Vitala,Dhamangaon Railway
Wadgaon Bajdi,Dhamangaon Railway
Wadgaon Rajdi,Dhamangaon Railway
Wadhona,Dhamangaon Railway
Wagholi,Dhamangaon Railway
Warud Bagaji,Dhamangaon Railway
Wathoda Bk.,Dhamangaon Railway
Yerli,Dhamangaon Railway
Zada,Dhamangaon Railway
Zadgaon,Dhamangaon Railway
--SELECT--,Dharni
Aki,Dharni
Ambadi,Dharni
Babanda,Dharni
Bairagad,Dharni
Baratanda,Dharni
Baru,Dharni
Baspani,Dharni
Bazarbod,Dharni
Bazardhana (Nv),Dharni
Berdabarda,Dharni
Berdabhuru,Dharni
Bhawar,Dharni
Bhokarbardi,Dharni
Bhondilawa,Dharni
Bhulori,Dharni
Bibamal,Dharni
Bijudhawdi,Dharni
Biroti,Dharni
Bobado,Dharni
Bod,Dharni
Bodhara,Dharni
Bori,Dharni
Bulumgavhan,Dharni
Butida,Dharni
Chakarda,Dharni
Chandpur Kisan,Dharni
Chatwabod,Dharni
Chaurakund,Dharni
Chendo,Dharni
Chethar,Dharni
Chichghat,Dharni
Chipoli,Dharni
Chitri,Dharni
Chopan,Dharni
Chutiya,Dharni
Dabaka,Dharni
Dabhayakheda,Dharni
Dabhyakheda,Dharni
Dabida,Dharni
Dadra,Dharni
Dahenda,Dharni
Dhakarmal,Dharni
Dharakot,Dharni
Dharanmahu,Dharni
Dharni (Ct),Dharni
Dhodra,Dharni
Dhokda,Dharni
Dhomanadhana,Dharni
Dhulghat,Dharni
Dhulghat Railway,Dharni
Didamda,Dharni
Diya,Dharni
Dudhani,Dharni
Duni,Dharni
Gadgamalur,Dharni
Gambheri,Dharni
Gaulandoh,Dharni
Gaulkheda,Dharni
Ghota,Dharni
Ghuti,Dharni
Golai,Dharni
Gombarkahu,Dharni
Gondwadi,Dharni
Harda,Dharni
Hardoli,Dharni
Harisal,Dharni
Hatida,Dharni
Hatnada,Dharni
Hirabambai,Dharni
Jambu,Dharni
Jampani,Dharni
Jutpani,Dharni
Kadhava,Dharni
Kakarmal,Dharni
Kalamkhar,Dharni
Kalpi,Dharni
Kanjoli,Dharni
Kara,Dharni
Karada,Dharni
Kasaikheda,Dharni
Kasmar,Dharni
Katkumbha,Dharni
Kawadaziri,Dharni
Kekadabod,Dharni
Khamda,Dharni
Khaparkheda,Dharni
Khari,Dharni
Kharya Tembru,Dharni
Khidki,Dharni
Khidki Kalam,Dharni
Khokmar,Dharni
Koldadhana,Dharni
Kot,Dharni
Kotha,Dharni
Kund,Dharni
Kusumkot Bk.,Dharni
Kusumkot Kh.,Dharni
Kutanga,Dharni
Laktu,Dharni
Lawada,Dharni
Malur,Dharni
Malur,Dharni
Mandu,Dharni
Mandwa,Dharni
Mangiya,Dharni
Mansudhawadi,Dharni
Mogarda,Dharni
Mokha,Dharni
Mothakheda,Dharni
Mothakheda,Dharni
Nagazira,Dharni
Nagudhana,Dharni
Nanduri,Dharni
Nardu,Dharni
Narwati,Dharni
Nirgudi,Dharni
Padidam,Dharni
Palaskundi,Dharni
Pankhalya,Dharni
Patharpur,Dharni
Patiya,Dharni
Phaildhana (N.V.),Dharni
Piparikheda,Dharni
Pohara,Dharni
Potilawa,Dharni
Rajapur,Dharni
Rambag,Dharni
Ranamalur,Dharni
Ranapisa,Dharni
Rangubeli,Dharni
Ranigaon,Dharni
Ranitamboli,Dharni
Ratnapur,Dharni
Rehatya,Dharni
Rohinikheda,Dharni
Rora,Dharni
Sadrabardi,Dharni
Salai,Dharni
Sawalikheda,Dharni
Sawalkheda,Dharni
Sawarya,Dharni
Shirpur,Dharni
Shiwaziri,Dharni
Sonabardi,Dharni
Susarda,Dharni
Takarkheda (N.V.),Dharni
Talai,Dharni
Talai Railway,Dharni
Tangda,Dharni
Tatra,Dharni
Tembli,Dharni
Tembrukheda,Dharni
Tingrya,Dharni
Titamba,Dharni
Toli,Dharni
Ukupati,Dharni
Utawali,Dharni
Zapal,Dharni
Zilangpati,Dharni
Zilpi,Dharni
--SELECT--,Dharni urban
--SELECT--,Morshi
Adgaon,Morshi
Ahmadabad,Morshi
Ahmadpur,Morshi
Ahmadpur,Morshi
Ajampur,Morshi
Akhatwada,Morshi
Ambada,Morshi
Ambhori,Morshi
Ashtagaon,Morshi
Ashtoli,Morshi
Asona,Morshi
Bahadurnagar,Morshi
Bahirampur,Morshi
Barhanpur,Morshi
Barhanpur,Morshi
Belkhed,Morshi
Belkheda Rasulpur,Morshi
Belona,Morshi
Bhaipur,Morshi
Bhalond,Morshi
Bhambora,Morshi
Bhangara,Morshi
Bhavvinpur,Morshi
Bhawsingpur,Morshi
Bhilapur,Morshi
Bhiwkundi,Morshi
Bodna,Morshi
Bopalawadi,Morshi
Bramhanwada,Morshi
Charud,Morshi
Chikhal Sawangi,Morshi
Chincholi Gavali,Morshi
Chinchpur,Morshi
Dabheri,Morshi
Dahsur,Morshi
Dapori,Morshi
Daryapur,Morshi
Deothan,Morshi
Dhamangaon,Morshi
Dhanora,Morshi
Domak,Morshi
Dorali,Morshi
Durgwada,Morshi
Ganeshpur,Morshi
Ghoddeo  Bk.,Morshi
Ghoddeo  Kh.,Morshi
Ghodgavhan,Morshi
Gokalapur,Morshi
Gorala,Morshi
Gujarmali,Morshi
Hashampur,Morshi
Hasnapur,Morshi
Hirapur,Morshi
Hiwarkhed,Morshi
Inapur,Morshi
Indur,Morshi
Irur,Morshi
Isabpur,Morshi
Ismailpur,Morshi
Ismailpur,Morshi
Jamathi,Morshi
Januna,Morshi
Jayatapur,Morshi
Jaymalpur,Morshi
Kamalapur,Morshi
Karajgaon,Morshi
kasampur,Morshi
Kashimpur,Morshi
Kashimpur,Morshi
Kasimpur,Morshi
Katpur,Morshi
Katsur,Morshi
Kavitpur,Morshi
Kawathal,Morshi
Khanapur,Morshi
Khanpur,Morshi
Khed,Morshi
Khedi Krishnapur,Morshi
Khopada,Morshi
Khopda,Morshi
Kolvihir,Morshi
Ladki Bk,Morshi
Lakhara,Morshi
Lashkarpur,Morshi
Lehegaon,Morshi
Lihida,Morshi
Maiwadi,Morshi
Malkapur,Morshi
Malkhed,Morshi
Mamadapur,Morshi
Mamdabad,Morshi
Mamdapur,Morshi
Mangrul,Morshi
Maniardhi,Morshi
Manimpur,Morshi
Mengwadi,Morshi
Molvan,Morshi
Morshi,Morshi
Munaimpur,Morshi
Nabipur,Morshi
Nagarwadi,Morshi
Najarpur Bk,Morshi
Nashirpur,Morshi
Nayawathoda,Morshi
Ner,Morshi
Ner 2,Morshi
Nerpingalai,Morshi
Nimbharni,Morshi
Nimbhi,Morshi
Pala,Morshi
Pardi,Morshi
Patur,Morshi
Pimpalkhuta Lahan,Morshi
Pimpalkhuta Motha,Morshi
Pimpri,Morshi
Porgavhan,Morshi
Pusala,Morshi
Ragadgaon,Morshi
Raipur,Morshi
Rajurwadi,Morshi
Rasulpur  Kopra,Morshi
Rasulpur Yerla,Morshi
Rithpur,Morshi
Rohankhed,Morshi
Rohnala,Morshi
Sadatpur,Morshi
Sahadapur,Morshi
Saiwada,Morshi
Salbardi,Morshi
Salepur,Morshi
Sambhapur,Morshi
Sawarkhed,Morshi
Sawarkhed,Morshi
Shahanawajpur,Morshi
Shekapur,Morshi
Shirajgaon,Morshi
Shiralas,Morshi
Shirkhed,Morshi
Shirur,Morshi
Shivpuri,Morshi
Shiwara,Morshi
Simbhora,Morshi
Sinora,Morshi
Songaon,Morshi
Sultanpur,Morshi
Supala,Morshi
Surwadi  Bk.,Morshi
Surwadi Kh,Morshi
Talegaon,Morshi
Talni,Morshi
Taroda,Morshi
Taroda,Morshi
Tembhi,Morshi
Thani,Morshi
Thuni,Morshi
Trimalpur,Morshi
Tuljapur,Morshi
Tuljapur,Morshi
Tuljapur,Morshi
Udkhed,Morshi
Umarkhed,Morshi
Vichori,Morshi
Vishnora,Morshi
Vitthalpur,Morshi
Wagholi,Morshi
Warha,Morshi
Yadavpur,Morshi
Yashwantpur,Morshi
Yawali,Morshi
Yerla,Morshi
Yevti,Morshi
--SELECT--,Morshi urban
Morshi (M Cl) - Ward No.19,Morshi urban
--SELECT--,Nandgaon-Khandeshwar
Adgaon Bk,Nandgaon-Khandeshwar
Adgaon Kh,Nandgaon-Khandeshwar
Aditapur,Nandgaon-Khandeshwar
Ahmadpur,Nandgaon-Khandeshwar
Ajani,Nandgaon-Khandeshwar
Ajmatpur,Nandgaon-Khandeshwar
Amdapur,Nandgaon-Khandeshwar
Arjunpur,Nandgaon-Khandeshwar
Bachharapur,Nandgaon-Khandeshwar
Bakhalapur,Nandgaon-Khandeshwar
Belora,Nandgaon-Khandeshwar
Belora Hirapur,Nandgaon-Khandeshwar
Bhagura,Nandgaon-Khandeshwar
Bopi,Nandgaon-Khandeshwar
Bopnemtabad,Nandgaon-Khandeshwar
Borgaon,Nandgaon-Khandeshwar
Chakora,Nandgaon-Khandeshwar
Chandsura,Nandgaon-Khandeshwar
Chikhali Vaidya,Nandgaon-Khandeshwar
Chincholi,Nandgaon-Khandeshwar
Dabha,Nandgaon-Khandeshwar
Dadapur,Nandgaon-Khandeshwar
Dahigaon,Nandgaon-Khandeshwar
Deulgavhan,Nandgaon-Khandeshwar
Dhamak,Nandgaon-Khandeshwar
Dhanora Gurav,Nandgaon-Khandeshwar
Dhanora Jog,Nandgaon-Khandeshwar
Dhanora Sikra,Nandgaon-Khandeshwar
Dhanorafasi,Nandgaon-Khandeshwar
Dharfal,Nandgaon-Khandeshwar
Dharwadi,Nandgaon-Khandeshwar
Dhawalsar,Nandgaon-Khandeshwar
Dhawalsari,Nandgaon-Khandeshwar
Dhengala,Nandgaon-Khandeshwar
Durgapur,Nandgaon-Khandeshwar
Eklarbid,Nandgaon-Khandeshwar
Eklaspur,Nandgaon-Khandeshwar
Erandgaon,Nandgaon-Khandeshwar
Fattepur,Nandgaon-Khandeshwar
Fubgaon,Nandgaon-Khandeshwar
Ful Amala,Nandgaon-Khandeshwar
Ganeshpur,Nandgaon-Khandeshwar
Gangapur,Nandgaon-Khandeshwar
Gaurkheda,Nandgaon-Khandeshwar
Gavner Talegaon,Nandgaon-Khandeshwar
Gharfal,Nandgaon-Khandeshwar
Ghol,Nandgaon-Khandeshwar
Golegaon,Nandgaon-Khandeshwar
Harni,Nandgaon-Khandeshwar
Hasapur,Nandgaon-Khandeshwar
Hiwara (Murade),Nandgaon-Khandeshwar
Hiwara Bk,Nandgaon-Khandeshwar
Inzala,Nandgaon-Khandeshwar
Itapur,Nandgaon-Khandeshwar
Jagatpur,Nandgaon-Khandeshwar
Jalu,Nandgaon-Khandeshwar
Jamathi,Nandgaon-Khandeshwar
Jamgaon,Nandgaon-Khandeshwar
Januna,Nandgaon-Khandeshwar
Jasapur,Nandgaon-Khandeshwar
Jawara,Nandgaon-Khandeshwar
Jawara Molvan,Nandgaon-Khandeshwar
Jaysinga,Nandgaon-Khandeshwar
Kanas,Nandgaon-Khandeshwar
Kani Mirzapur,Nandgaon-Khandeshwar
Kanzara,Nandgaon-Khandeshwar
Kazana,Nandgaon-Khandeshwar
Kekatpur,Nandgaon-Khandeshwar
Khanapur,Nandgaon-Khandeshwar
Khandala Kh .,Nandgaon-Khandeshwar
Kharabi,Nandgaon-Khandeshwar
Kharbi Gund,Nandgaon-Khandeshwar
Khed Pimpri,Nandgaon-Khandeshwar
Khirsana,Nandgaon-Khandeshwar
Kodori,Nandgaon-Khandeshwar
Kothoda,Nandgaon-Khandeshwar
Kovhala Jateshwar,Nandgaon-Khandeshwar
Lohogaon,Nandgaon-Khandeshwar
Loni,Nandgaon-Khandeshwar
Mahimapur,Nandgaon-Khandeshwar
Maholi Chor,Nandgaon-Khandeshwar
Malegaon,Nandgaon-Khandeshwar
Malkapur,Nandgaon-Khandeshwar
Mangrul Chawhala,Nandgaon-Khandeshwar
Manjari,Nandgaon-Khandeshwar
Mhasala,Nandgaon-Khandeshwar
Mirzapur,Nandgaon-Khandeshwar
Mirzapur,Nandgaon-Khandeshwar
Mokhad,Nandgaon-Khandeshwar
Morgaon,Nandgaon-Khandeshwar
Mund Dhan,Nandgaon-Khandeshwar
Mund Gurao,Nandgaon-Khandeshwar
Mund Hindurao,Nandgaon-Khandeshwar
Mund Mali,Nandgaon-Khandeshwar
Mund Narayan,Nandgaon-Khandeshwar
Mund Wada,Nandgaon-Khandeshwar
Mund Zunjarrao,Nandgaon-Khandeshwar
Mundbari,Nandgaon-Khandeshwar
MUNDNISHANKRAO,Nandgaon-Khandeshwar
Nagzari,Nandgaon-Khandeshwar
Nandgaon Khandh.,Nandgaon-Khandeshwar
Nandsawangi,Nandgaon-Khandeshwar
Nandura (Kh),Nandgaon-Khandeshwar
Nandurabad,Nandgaon-Khandeshwar
Nimaswada,Nandgaon-Khandeshwar
Nimbhora (Lahe),Nandgaon-Khandeshwar
Nimgavhan,Nandgaon-Khandeshwar
Nirsana,Nandgaon-Khandeshwar
Onkar  Kheda,Nandgaon-Khandeshwar
Pachod,Nandgaon-Khandeshwar
Pahur,Nandgaon-Khandeshwar
Pala,Nandgaon-Khandeshwar
Palas Mandal,Nandgaon-Khandeshwar
Papad,Nandgaon-Khandeshwar
Phubgaon,Nandgaon-Khandeshwar
Pimpalgaon (Bainai),Nandgaon-Khandeshwar
Pimpalgaon Nipani,Nandgaon-Khandeshwar
Pimpri,Nandgaon-Khandeshwar
Pimpri Gavanda,Nandgaon-Khandeshwar
Pimpri Nipani,Nandgaon-Khandeshwar
Pimpri Pochchha,Nandgaon-Khandeshwar
Pusner,Nandgaon-Khandeshwar
Rahimapur,Nandgaon-Khandeshwar
Rampur,Nandgaon-Khandeshwar
Rasulpur,Nandgaon-Khandeshwar
Razana,Nandgaon-Khandeshwar
Rohana,Nandgaon-Khandeshwar
Sakhra,Nandgaon-Khandeshwar
Salod,Nandgaon-Khandeshwar
Sangrampur,Nandgaon-Khandeshwar
Sarsi,Nandgaon-Khandeshwar
Satargaon,Nandgaon-Khandeshwar
Sawaner,Nandgaon-Khandeshwar
Sawanga Gurav,Nandgaon-Khandeshwar
Shahapur,Nandgaon-Khandeshwar
Shahapur Khekadi,Nandgaon-Khandeshwar
Shelu Natwa,Nandgaon-Khandeshwar
Shelugund,Nandgaon-Khandeshwar
Shendani,Nandgaon-Khandeshwar
Shingoli,Nandgaon-Khandeshwar
Shirpur,Nandgaon-Khandeshwar
Shiwani,Nandgaon-Khandeshwar
Shiwra,Nandgaon-Khandeshwar
Siddhanathpur,Nandgaon-Khandeshwar
Silod,Nandgaon-Khandeshwar
Sukhli Gurav,Nandgaon-Khandeshwar
Sultanpur,Nandgaon-Khandeshwar
Sultanpur,Nandgaon-Khandeshwar
Takli Bk.,Nandgaon-Khandeshwar
Takli Gilba,Nandgaon-Khandeshwar
Takli Kanada,Nandgaon-Khandeshwar
Tighara,Nandgaon-Khandeshwar
Timtala,Nandgaon-Khandeshwar
Tuljapur,Nandgaon-Khandeshwar
Undir Kheda,Nandgaon-Khandeshwar
Veni Ganeshpur,Nandgaon-Khandeshwar
Wadala,Nandgaon-Khandeshwar
Wadhona Ramnath,Nandgaon-Khandeshwar
WADHONARA,Nandgaon-Khandeshwar
Wadura,Nandgaon-Khandeshwar
Waghoda,Nandgaon-Khandeshwar
Wagholi,Nandgaon-Khandeshwar
Wakpur,Nandgaon-Khandeshwar
Walki,Nandgaon-Khandeshwar
Watpur,Nandgaon-Khandeshwar
Yenas,Nandgaon-Khandeshwar
Yeoti,Nandgaon-Khandeshwar
--SELECT--,Teosa
Adampur,Teosa
Akhatwada,Teosa
Alipur,Teosa
Alwada,Teosa
Ambikapur,Teosa
Amdabad,Teosa
Ankwadi,Teosa
Balapur,Teosa
Bansapur,Teosa
Bhambora,Teosa
Bharaswadi,Teosa
Bharwadi,Teosa
Bhiwapur,Teosa
Borda,Teosa
Chakatapur,Teosa
Chandur Dhore,Teosa
Chenushtha,Teosa
Chikhali,Teosa
Dadurni,Teosa
DAHIGAON,Teosa
Dahigaon Dhanora,Teosa
Dapori Kh.,Teosa
Degaon,Teosa
Dehani,Teosa
Dhamantri,Teosa
Dharwada,Teosa
Dhotra,Teosa
Diwankhed,Teosa
Durgwada,Teosa
Fattepur,Teosa
Fattepur,Teosa
Gavha Balapur,Teosa
GAWHA,Teosa
Ghota,Teosa
Godri,Teosa
Gurudeonagar,Teosa
Husenpur,Teosa
Isapur,Teosa
Jagdishpur,Teosa
Jahangirpur,Teosa
Jaitapur,Teosa
Jamthi,Teosa
Jawara,Teosa
Jawara,Teosa
Kabadgavhan,Teosa
Karajgaon,Teosa
Karimabad,Teosa
Katsur,Teosa
Kaudanyapur,Teosa
Kawadgavhan,Teosa
Kolwan,Teosa
Kolwan,Teosa
Kurha,Teosa
Maldhur,Teosa
Malegaon,Teosa
Mamdapur,Teosa
Marda,Teosa
Mardi,Teosa
Masadi,Teosa
MAZADI,Teosa
Mozari,Teosa
Murtijapur,Teosa
MURTIZAPUR TARODA,Teosa
Namsakari,Teosa
Nimbhora Delwadi,Teosa
Palwadi,Teosa
Raghunathpur,Teosa
Rahimabad,Teosa
Ranbajpur,Teosa
Salora Bk.,Teosa
Sarsi,Teosa
Satargaon,Teosa
Shendola Bk.,Teosa
Shendola Kh.,Teosa
Shendurjana Bk.,Teosa
Shendurjana Kh,Teosa
Shidwadi,Teosa
Shirajgaon Mozari,Teosa
Shiwangaon,Teosa
Sujatpur,Teosa
Sultanpur,Teosa
Surwadi Bk.,Teosa
Surwadi Kh.,Teosa
Talegaon Thakur,Teosa
Tarkhed,Teosa
Taroda,Teosa
Teosa,Teosa
Thanathuni,Teosa
Umarkhed,Teosa
Vinchori,Teosa
Virgavhan,Teosa
Vishnora,Teosa
Wadhona,Teosa
Wadura,Teosa
Wagda,Teosa
Wandali,Teosa
Wani,Teosa
Warha,Teosa
Warkhed,Teosa
Waruda,Teosa
Wathoda Kh,Teosa
--SELECT--,Warud
Ajitpur-Bhapki,Warud
Aloda,Warud
Ambafata,Warud
Ambpend,Warud
Amdapur,Warud
Amner,Warud
Antarkhop,Warud
Asona,Warud
Babhulkheda,Warud
Bahada,Warud
Bargaon,Warud
Belkheda,Warud
Belora,Warud
Benoda,Warud
Beskheda,Warud
Bhalapur,Warud
Bhandoli Bk,Warud
Bhemdi,Warud
Chainpur,Warud
Chandas,Warud
Chinchargavhan,Warud
Dabhi,Warud
Daiwadi,Warud
Dawargaon,Warud
Deutwada,Warud
Dhaga,Warud
Dhamandas,Warud
Dhanodi,Warud
Ekalvihir,Warud
Ekdara,Warud
Fattepur,Warud
Gadegaon,Warud
Gaulkheda,Warud
Gaulkheda,Warud
Gavhankund,Warud
Ghorad,Warud
Goregaon,Warud
Hanumantkhed,Warud
Haturna,Warud
Humanpeth,Warud
Isambari,Warud
Isapur,Warud
Isapur,Warud
Ismailpur,Warud
Ittamgaon,Warud
Jamalpur,Warud
Jamgaon,Warud
Jamgaon Khadaka,Warud
Jamgaon Mahendri,Warud
Jamtal,Warud
Jamthi Ganeshpur,Warud
Jarud,Warud
Kachurna,Warud
Karajgaon,Warud
Karli,Warud
Karwar,Warud
Kasari,Warud
Kati,Warud
Kekatwada,Warud
Khadka,Warud
Khanapur,Warud
Khaperkheda,Warud
Kharad,Warud
Khedi,Warud
Kumbhikheda,Warud
Kumdara,Warud
Kurali,Warud
Linga,Warud
Loni,Warud
Mahapur,Warud
Mahendri,Warud
Malkapur,Warud
Malkhed,Warud
Mamdapur,Warud
Mangona,Warud
Mangruli,Warud
Manikpur,Warud
Mendhi,Warud
Milanpur,Warud
Mokvihir,Warud
Morangana,Warud
Morchund,Warud
Morshi Kh,Warud
Musalkheda,Warud
Nagziri,Warud
Namapur,Warud
Nandgaon,Warud
Natala,Warud
Naygaon,Warud
Palasona,Warud
Palaswada,Warud
Pandharghati,Warud
Pandhari,Warud
Pardi,Warud
Pawani,Warud
Pethmangruli,Warud
Pimpalkhuta,Warud
Pimpalkhuta,Warud
Pimpalshenda,Warud
Pimpalvihir,Warud
Pimplagad,Warud
Porgavhan,Warud
Pusla,Warud
Pusli,Warud
Rajura Bajar,Warud
Ramapur,Warud
Rasulpur,Warud
Rawala,Warud
Roshankheda,Warud
Saidapur,Warud
Satnoor,Warud
Sawanga,Warud
Sawangi,Warud
Shahapur,Warud
Shekapur,Warud
Shekdari,Warud
Shendurjana Ghat,Warud
Shingori,Warud
Shirpur,Warud
Surli,Warud
Suryakheda,Warud
Tarodi,Warud
Tembhani,Warud
Tembhurkheda,Warud
Tiwsa Ghat,Warud
Udapur,Warud
Urad,Warud
Wadala,Warud
Wadegaon,Warud
Wadhona,Warud
Waghal,Warud
Wai Bk.,Warud
Wai Kh,Warud
Wandli,Warud
Warud,Warud
Wathoda,Warud
Wawruli,Warud
Wedhapur,Warud
Yerandwadi,Warud
Zatamziri,Warud
Zolamba,Warud
--SELECT--,Warud urban
Warud (M Cl) - Ward No.21,Warud urban
Warud (M Cl) - Ward No.22,Warud urban
Warud (M Cl) - Ward No.23,Warud urban
