District,Village Name
Ahmednagar,Belapur Bk. 
Ahmednagar,Gidegaon 
Ahmednagar,Vashere 
Ahmednagar,Shrigonda (borudewadi) 
Ahmednagar,Hanmantgaon 
Ahmednagar,Sultanpur Bk 
Ahmednagar,Dedgaon 
Ahmednagar,Lingdev 
Ahmednagar,Baragaon Nandur 
Ahmednagar,Pimplas 
Ahmednagar,Walunj 
Ahmednagar,Veergaon 
Ahmednagar,Desvade 
Ahmednagar,Shrigonda ssk 
Ahmednagar,Shirasgaon 
Ahmednagar,Sakat Kh 
Ahmednagar,Punatgaon 
Ahmednagar,Malunja Bk 
Ahmednagar,Belpimpalgaon 
Ahmednagar,Awhane Bk. 
Ahmednagar,Kauthe Bk. 
Ahmednagar,Dadegaon 
Ahmednagar,Erandoli 
Ahmednagar,Sonvihir 
Ahmednagar,Belwandi Bk. 
Ahmednagar,Sonai 
Ahmednagar,Shrigonda 
Ahmednagar,Kolhar Bk. 
Ahmednagar,Shiur 
Ahmednagar,Chapadgaon 
Ahmednagar,Bhende Bk. 
Ahmednagar,Waghapur 
Ahmednagar,Pimpalgaon Pisa 
Ahmednagar,Belwandi 
Ahmednagar,Nandur Khandarmal 
Ahmednagar,Bhavinimgaon 
Ahmednagar,Kendal Bk. 
Ahmednagar,Deotakli 
Ahmednagar,Sangamner Kh. 
Ahmednagar,Karajgaon 
Ahmednagar,Pachegaon 
Ahmednagar,Nimgaon daku 
Ahmednagar,Kumbhefal 
Ahmednagar,Kotul 
Ahmednagar,Kambi 
Ahmednagar,Wadala Mahadeo 
Ahmednagar,Pemgiri 
Ahmednagar,Bhalwani BO 
Ahmednagar,Samsherpur 
Ahmednagar,Ralegaon Tharepal 
Ahmednagar,Nandgaon 
Ahmednagar,Bahirwadi 
Ahmednagar,Erandgaon 
Ahmednagar,Bhanashiware 
Ahmednagar,Malewadi 
Ahmednagar,Georai 
Ahmednagar,Chinchban 
Ahmednagar,Malthan 
Ahmednagar,Ramdoh 
Ahmednagar,Waysewadi 
Ahmednagar,Jorve 
Ahmednagar,Balam  Takali 
Ahmednagar,Undirgaon 
Ahmednagar,Jawala B.O 
Ahmednagar,Loni Vyanknath 
Ahmednagar,Ukkadgaon 
Ahmednagar,Sangvi 
Ahmednagar,Dhamangaon Pat 
Ahmednagar,Chas 
Ahmednagar,Bhambore 
Ahmednagar,Dhandarphal Kh 
Ahmednagar,Khupti 
Ahmednagar,Ghodegaon 
Ahmednagar,Ruikhed 
Ahmednagar,Autewadi 
Ahmednagar,Kuldharan 
Ahmednagar,Ranjangaon 
Ahmednagar,Nimgaon Kh. 
Ahmednagar,Rawande 
Ahmednagar,Mandegavhan 
Ahmednagar,Hivargaon 
Ahmednagar,Khampimpri 
Ahmednagar,Nanduri Dumala 
Ahmednagar,Gargundi 
Ahmednagar,Deogaon 
Ahmednagar,Rashin 
Ahmednagar,Pangari 
Ahmednagar,Deolali -pravara 
Ahmednagar,Dadh Bk. 
Ahmednagar,Salwadgaon 
Ahmednagar,Mahadeowadi (N.V.) 
Ahmednagar,Matapur 
Ahmednagar,Miri 
Ahmednagar,Bhatkudgaon 
Ahmednagar,Chikhalthan 
Ahmednagar,Padhegaon 
Ahmednagar,Kanoli 
Ahmednagar,Ahmednagar 
Ahmednagar,Kolgaon 
Ahmednagar,Umbargaon 
Ahmednagar,Madhi Bk 
Ahmednagar,Vambori 
Ahmednagar,Madhewadgaon 
Ahmednagar,Ambhol 
Ahmednagar,Zole 
Ahmednagar,Aurangpur 
Ahmednagar,Renwadi 
Ahmednagar,Umbargaon Bhosalewadi 
Ahmednagar,Kolhar Kh 
Ahmednagar,Dhamori 
Ahmednagar,Pravara Sangam 
Ahmednagar,Kothul 
Ahmednagar,Sugaon Kh. 
Ahmednagar,Khamgaon 
Ahmednagar,Maladad 
Ahmednagar,Deswandi 
Ahmednagar,Rastapur 
Ahmednagar,Takalibhan 
Ahmednagar,Rajapur 
Ahmednagar,Mandave Bk. 
Ahmednagar,Umbre 
Ahmednagar,Pimpri Kolandar 
Ahmednagar,Kharpadi 
Ahmednagar,Kokanewadi 
Ahmednagar,Kukana 
Ahmednagar,Khanapur 
Ahmednagar,Imampur 
Ahmednagar,Dahifal 
Ahmednagar,Bodkhe 
Ahmednagar,Shenwadgaon 
Ahmednagar,Karjat Kh. 
Ahmednagar,Vadgaon 
Ahmednagar,Bholewadi 
Ahmednagar,Dhokri 
Ahmednagar,Ghotan 
Ahmednagar,vadgaon tandali 
Ahmednagar,davangaon 
Ahmednagar,Wadgaon Shindodi 
Ahmednagar,Pimpri Valan 
Ahmednagar,Sangavi 
Ahmednagar,Madke 
Ahmednagar,Mhasale 
Ahmednagar,Sonoshi 
Ahmednagar,Khirdi Ganesh 
Ahmednagar,Patewadi 
Ahmednagar,Bota 
Ahmednagar,Rajegaon 
Ahmednagar,Shrirampur 
Ahmednagar,Hangewadi 
Ahmednagar,Kharwandi 
Ahmednagar,Kamat Shingave 
Ahmednagar,Shevgaon 
Ahmednagar,Chandgaon 
Ahmednagar,Loni Bk. 
Ahmednagar,NImgaon bk 
Ahmednagar,Handewadi 
Ahmednagar,Kauthe Dhandarphal 
Ahmednagar,Bodhegaon 
Ahmednagar,Ekrukhe 
Ahmednagar,Kendal Kh. 
Ahmednagar,Ambad 
Ahmednagar,Shimpore 
Ahmednagar,Gadewadi 
Ahmednagar,Nimgaon Korhale 
Ahmednagar,Pichadgaon 
Ahmednagar,Astagaon 
Ahmednagar,Deswade 
Ahmednagar,Vangdari 
Ahmednagar,Kolhewadi 
Ahmednagar,Karegaon 
Ahmednagar,Puntamba 
Ahmednagar,Galnimb 
Ahmednagar,Jalgaon 
Ahmednagar,Kukkadwedhe 
Ahmednagar,Jalalpur 
Ahmednagar,Bhamathan 
Ahmednagar,Fatyabad 
Ahmednagar,Khadke 
Ahmednagar,Yelapne 
Ahmednagar,Dhawalpuri 
Ahmednagar,Dighi 
Ahmednagar,Godasewadi (N.V.) 
Ahmednagar,Gondhavani 
Ahmednagar,Dehere 
Ahmednagar,Ukkalgaon 
Ahmednagar,Nimaj 
Ahmednagar,Ratnapur 
Ahmednagar,Ghorpadwadi 
Ahmednagar,Suregaon 
Ahmednagar,Shinganapur 
Ahmednagar,Prabhuwadgaon 
Ahmednagar,kopargaon bet 
Ahmednagar,Dhorsade 
Ahmednagar,sheri 
Ahmednagar,Kalas 
Ahmednagar ,Shinganapur 
Akola,Sasti 
Akola,Talegaon Bazar 
Akola,Patur 
Akola,Mahan 
Akola,Channi 
Akola,Karla Bk. 
Akola,Takli Pote 
Akola,Mahagaon 
Akola,Gaigaon 
Akola,Adgaon Kh. 
Akola,Wadad Bk 
Akola,Jamthi Bk. 
Akola,Khaparwadi Bk. 
Akola,Akolkhed 
Akola,Khandala 
Akola,Chitalwadi 
Akola,Devali 
Akola,Sonori (Bopari) 
Akola,Akola 
Akola,Hendraj 
Akola,Rustamabad 
Akola,Hingani Bk. 
Akola,Patur Nandapur 
Akola,Shamsherpur 
Akola,Deulgaon 
Akola,Wadegaon 
Akola,Parabhavan 
Akola,Dahigaon Awtade 
Akola,Nakhegaon 
Akola,Sirsoli 
Akola,Balapur 
Akola,Alegaon 
Akola,Adgaon Kh 
Akola,Panaj 
Akola,Sukli Nandapur 
Akola,Parad 
Akola,Sukali 
Akola,Kaulkhed 
Akola,Karli 
Akola,Telhara 
Akola,Andura 
Akola,Chondhi 
Akola,Januna  
Akola,Varkhed Waghzadi 
Akola,Nandkhed 
Akola,Wiwara 
Akola,Pimpardoli 
Akola,Digras Bk. 
Akola,Wadi Adampur 
Akola,Tajnapur 
Akola,Edlapur 
Akola,Warur 
Akola,Kherda Bhagai 
Akola,Goregaon Bk 
Akola,Lohari Kh. 
Akola,Batwadi Bk. 
Akola,Akoli Jahangir 
Akola,Davdari 
Akola,Malsoor 
Akola,Dahigaon(avtale) 
Akola,Dagadparwa 
Akola,Talegaon Pr.wadner 
Akola,Saundala 
Akola,Hiwarkhed 
Akola,Vyalla 
Akola,Ugwa 
Akola,shivpur 
Akola,Babhulgaon 
Akola,Danapur 
Akola,Wadgaon Mendhe 
Akola,Kasura 
Akola,Wadali Deshmukh 
Akola,Degaon 
Akola,Belura 
Akola,Para Bhawani 
Akola,Dahigaon Gawande 
Akola,Chandur 
Akola,Gadegaon 
Akola,Masa 
Akola,Pimpri Kh. 
Akola,Umara 
Akola,Warud Bk. 
Akola,Akot 
Akola,Pimpalgaon Chambhare 
Akola,Pimpal Khuta 
Akola,Sadarpur 
Akola,Lamkani 
Akola,Dhanakwadi 
Akola,Raher 
Akola,Barshi Takali 
Akola,Kanshiwani 
Akola,Sukoda 
Akola,Katkheda 
Amravati,Wanoja 
Amravati,Sawanga Vithoba 
Amravati,Chincholi Bk. 
Amravati,Tembhurkheda 
Amravati,Tiwra 
Amravati,Sawanga 
Amravati,Pathrot 
Amravati,Rasegaon 
Amravati,Bhankheda Kh. 
Amravati,Chincholi 
Amravati,Nimbhora Delwadi 
Amravati,Nimboli 
Amravati,Jalka Jagtap      
Amravati,Yawali 
Amravati,Chausala 
Amravati,Amravati 
Amravati,Mahuli jahangir 
Amravati,Ghuikhed 
Amravati,Kurha 
Amravati,Talvel 
Amravati,Haidatpur 
Amravati,Bhandaraj 
Amravati,Porgavhan 
Amravati,Wasani   Kh. 
Amravati,Naygaon 
Amravati,Warha 
Amravati,Daryapur 
Amravati,Pimpri Nipani 
Amravati,Achalpur 
Amravati,Pimpri Thugaon 
Amravati,Kamnapur 
Amravati,Zolamba 
Amravati,Kumagad 
Amravati,Pimpri Pochchha 
Amravati,Shirajgaon 
Amravati,Wani 
Amravati,Borgaon Mohna 
Amravati,Shirajgaon  Kasba 
Amravati,Dhakulgaon 
Amravati,Dhamangaon Gadhi 
Amravati,Rajura Bajar 
Amravati,Pimpalkhuta 
Amravati,Shingori 
Amravati,Brahmanwada Thadi 
Amravati,Borala 
Amravati,Linga 
Amravati,Belaj 
Amravati,Chincholi Gavali 
Amravati,Ramapur N Belaj 
Amravati,Kawtha Kadu 
Amravati,Jalnapur 
Amravati,Isegaon 
Amravati,Dighi Jahanpur 
Amravati,Karajgaon 
Amravati,Jarud 
Amravati,Yenas 
Amravati,Amravati City 
Amravati,Jahangirpur 
Amravati,Akhatwada 
Amravati,Surali 
Amravati,Dawargaon 
Amravati,Kholapur 
Amravati,Sategaon 
Amravati,Vishnora 
Amravati,Jawarakamanapur 
Amravati,Warud 
Amravati,Walgaon 
Amravati,Dhamangaon Railway 
Amravati,Pusner 
Amravati,Sindi  Bk 
Amravati,Badnera 
Amravati,Pimpalgaon (Bainai) 
Amravati,Titwa 
Amravati,Marda 
Amravati ,khairi 
Aurangabad,Andhaner 
Aurangabad,Navadi (N.V.) 
Aurangabad,Zodegaon 
Aurangabad,Wadner Tanda 
Aurangabad,Wahegaon 
Aurangabad,Chinchkheda Bk. 
Aurangabad,Satana 
Aurangabad,Aurangabad City 
Aurangabad,Karanjkheda Jahagir 
Aurangabad,Aurangpurwadi 
Aurangabad,Chinchala 
Aurangabad,Gudhe Pimpalgaon 
Aurangabad,Chanakwadi 
Aurangabad,Amba 
Aurangabad,Jalgaon Feran 
Aurangabad,Khadak Waghalgaon 
Aurangabad,Naigavhan 
Aurangabad,Padali 
Aurangabad,Pangra 
Aurangabad,Shindephal 
Aurangabad,Chenduphal 
Aurangabad,Hanumantkheda 
Aurangabad,Bahirgaon 
Aurangabad,Mohadi 
Aurangabad,Chorwaghalgaon 
Aurangabad,Lohagaon Bk. 
Aurangabad,Hanumantgaon 
Aurangabad,Nilajgaon 
Aurangabad,Borgaon Sarwani 
Aurangabad,Pishor 
Aurangabad,Nagonyachiwadi 
Aurangabad,Malegaon 
Aurangabad,Khamjalgaon 
Aurangabad,Chauryahattar Jalgaon 
Aurangabad,Akhatwada 
Aurangabad,Nagad 
Aurangabad,Warudi Bk. 
Aurangabad,Siddhapur 
Aurangabad,Mahalgaon 
Aurangabad,Tuljapur 
Aurangabad,Gandheshwar 
Aurangabad,Harshi Kh. 
Aurangabad,Kapus Wadgaon 
Aurangabad,Akoli Wadgaon 
Aurangabad,Ghatshendra 
Aurangabad,Chandapur 
Aurangabad,Sawkhed Ganga 
Aurangabad,Nanegaon 
Aurangabad,Takali 
Aurangabad,Chinchadgaon 
Aurangabad,Waki Jadid 
Aurangabad,Aurangpur 
Aurangabad,Borgaon 
Aurangabad,Madni 
Aurangabad,Wadwali 
Aurangabad,Bodkha 
Aurangabad,Digaon 
Aurangabad,Gaurpimpri 
Aurangabad,Wadgaon (Tigji) 
Aurangabad,Lohagaon Kh. 
Aurangabad,Kannad 
Aurangabad,Jamthi 
Aurangabad,Shivrai 
Aurangabad,Hasta 
Aurangabad,Nagad Tanda 
Aurangabad,Palaswadi 
Aurangabad,Bharamba (bharanbawadi) 
Aurangabad,Bhopewadi 
Aurangabad,Panvi Bk. 
Aurangabad,Wakikadim 
Aurangabad,Umberkheda Tanda 
Aurangabad,Ambhai 
Aurangabad,Bhendala 
Aurangabad,Hatnoor 
Aurangabad,Changatpuri 
Aurangabad,Karanjkheda Khalsa 
Aurangabad,Mahalpimpri 
Aurangabad,Adgaon Jehur 
Aurangabad,Pendgaon (Amthana) 
Aurangabad,Nagapur 
Aurangabad,Newpur Jahangir 
Aurangabad,Ghari 
Aurangabad,Pimpalwadi(pirachi) 
Aurangabad,Bramhni 
Aurangabad,Bhatana 
Aurangabad,Liha Khedi 
Aurangabad,Adool Bk. 
Aurangabad,Hiwarkheda (Gautala) 
Aurangabad,Amrapur 
Aurangabad,Bhiw-dhanora 
Aurangabad,Mangrul 
Aurangabad,Nimkheda 
Aurangabad,Warthan 
Aurangabad,Janephal 
Aurangabad,Wakad 
Aurangabad,Naigaon 
Aurangabad,Lohagaon 
Aurangabad,Kinhi 
Aurangabad,Amkheda 
Aurangabad,Gharegaon 
Aurangabad,Ambala 
Aurangabad,Bahuli 
Aurangabad,Jehur 
Aurangabad,Mhaski 
Aurangabad,Anandpur 
Aurangabad,Guru Dhanora 
Aurangabad,Kankori 
Aurangabad,Talner 
Aurangabad,Sasurwada 
Aurangabad,Wanjargaon 
Aurangabad,Mundwadi 
Aurangabad,Charner 
Aurangabad,Soegaon 
Aurangabad,Sawargaon 
Aurangabad,Tisgaon Tanda 
Aurangabad,Kelgaon 
Aurangabad,Satkund Tanda 
Aurangabad,Agar Kanadgaon 
Aurangabad,Narayangaon 
Aurangabad,Palshi 
Aurangabad,Sirsala Tanda 
Aurangabad,Newpur Khalsa 
Aurangabad,Borodi 
Aurangabad,Dharla 
Aurangabad,Daregaon 
Aurangabad,Chinchkheda Kh. 
Aurangabad,Shivar 
Aurangabad,Phulambri 
Aurangabad,Ghodegaon 
Aurangabad,Bojgaon 
Aurangabad,Jawakheda Bk. 
Aurangabad,Nevargaon 
Aurangabad,Dighi 
Aurangabad,Nimbhora 
Aurangabad,Amthana 
Aurangabad,Ladgaon 
Aurangabad,Katpur 
Aurangabad,Navgaon 
Aurangabad,Andhari 
Aurangabad,Kolaswadi 
Aurangabad,Ghatnandra 
Beed,Talanewadi 
Beed,Surdi 
Beed,Khokermoha 
Beed,Beed 
Beed,Karegaon 
Beed,Naholi 
Beed,Gaikwad Jalgaon 
Beed,Wadkhel 
Beed,Kille Dharur  
Beed,Mhatargaon 
Beed,Sirasdevi 
Beed,Kanhobachiwadi 
Beed,Parbhani 
Beed,Bhatwadgaon 
Beed,Khandvi 
Beed,Dhangarwadi 
Beed,Chinchala 
Beed,Bhandarwadi 
Beed,Takalsing 
Beed,Surdi BK. 
Beed,Kaudgaon Bk. 
Beed,Goundgaon 
Beed,Bhaloni 
Beed,Limba Ganesh 
Beed,Kuranpimpri 
Beed,Pandhari 
Beed,Abegaon 
Beed,Ambil Wadgaon 
Beed,Anpatwadi 
Beed,Marathwadi 
Beed,Raheri 
Beed,Ghatshil Pargaon 
Beed,Bhandarwadi      
Beed,Kingaon 
Beed,Takli 
Beed,Gulaj 
Beed,Nathra 
Beed,Khadewadi 
Beed,Parli (rural) 
Beed,Rajapur 
Beed,Tadsonna 
Beed,Rakshas Bhuwan 
Beed,Shelgaon Thadi 
Beed,Panchaleshwar 
Beed,Devgaon 
Beed,Manubai Jawala 
Beed,Chaklamba 
Beed,Jawalgaon 
Beed,Dhondrai 
Beed,Ghagarwada 
Beed,Ladzari 
Beed,Rajpimpri 
Beed,Gogalwadi 
Beed,Surumgaon 
Beed,Awasgaon 
Beed,Koyal 
Beed,Rakshasabhuwan 
Beed,Pimpalwadi 
Beed,Limbgaon 
Beed,Kacharwadi 
Beed,Hingani bk 
Beed,Rajuri Bk.(Navgan) 
Beed,Nathapur 
Beed,Tandala 
Beed,Georai 
Beed,Patoda 
Beed,Belgaon 
Beed,Limbarui (Devi) 
Beed,Umapur 
Beed,Aher Vahegaon 
Beed,Chavhanwadi 
Beed,Deogaon 
Beed,Takalgavhan tarf talkhed 
Beed,Asardhav 
Beed,Poitanda (N.V.) 
Beed,Majalgaon 
Bhandara,Mokhara 
Bhandara,Kandri 
Bhandara,Bramhi 
Bhandara,Silli 
Bhandara,Murmadi 
Bhandara,Neri 
Bhandara,Rajegaon 
Bhandara,Soni 
Bhandara,Malutola 
Bhandara,Roha 
Bhandara,Yenoda 
Bhandara,Dhamlewada 
Bhandara,Chandpur 
Bhandara,Panjara (renjepar) 
Bhandara,Rajani 
Bhandara,Khandal 
Bhandara,Bamhani 
Bhandara,Samewada 
Bhandara,Betala 
Bhandara,Pauni 
Bhandara,Virali (Khandar) 
Bhandara,Garada Jangli 
Bhandara,Bhendara 
Bhandara,Kharbi 
Bhandara,Hirapur Hamesha 
Bhandara,Takali (Bhosa) 
Bhandara,Mangli 
Bhandara,Morgaon 
Bhandara,Gadegaon 
Bhandara,Sukali 
Buldhana,Maharchikna 
Buldhana,Kavhala 
Buldhana,Sungaon 
Buldhana,Madakhed Bk. 
Buldhana,Shemba Bk. 
Buldhana,Palshi Bk 
Buldhana,Ukali 
Buldhana,Sindkhed Raja 
Buldhana,Harsoda 
Buldhana,Dudhalgaon BK. 
Buldhana,Burti 
Buldhana,Tunki Bk. 
Buldhana,Takarkhed Helga 
Buldhana,Karatwadi 
Buldhana,Ghatbori 
Buldhana,Datala 
Buldhana,Jaipur 
Buldhana,Pimpalgaon Raja 
Buldhana,Pimpalkhuta 
Buldhana,Chikhli 
Buldhana,Bawanbir 
Buldhana,Jalgaon (Jamod) 
Buldhana,Sawargaon Mundhe 
Buldhana,Asalgaon 
Buldhana,Dhamangaon Deshmukh 
Buldhana,Malkapur 
Buldhana,Hingana Gavhad 
Buldhana,Khumgaon 
Buldhana,Palshi Zasi 
Buldhana,Ancharwadi 
Buldhana,Bhalgaon 
Buldhana,Aregaon 
Buldhana,Dahid Kh. 
Buldhana,Kesapur 
Buldhana,Kumbefal 
Buldhana,Sagoda 
Buldhana,Shelgaon  Deshmukh 
Buldhana,Fardapur 
Buldhana,Dhamangaon Badhe 
Buldhana,Weni 
Buldhana,Mominabad 
Buldhana,Takli (Watpal) 
Buldhana,Bhosa 
Buldhana,Palsoda 
Buldhana,Sangrampur 
Buldhana,Saokhed Bhoi 
Buldhana,Shahapur 
Buldhana,Rajgad 
Buldhana,Gharod 
Buldhana,Jambhora 
Buldhana,Pimpri Mali 
Buldhana,Haralkhed 
Buldhana,Palaskhed  Daulat 
Buldhana,Paturda Bk 
Buldhana,Shemba Kh. 
Buldhana,Waghud 
Buldhana,Shara 
Buldhana,Khor 
Buldhana,Gotmara 
Buldhana,Jawala Bk. 
Buldhana,Chalthana Siyam 
Buldhana,Karegaon 
Buldhana,Bhumrala 
Buldhana,Kalambeshwar 
Buldhana,Chandol 
Buldhana,Hirdav 
Buldhana,Wadali 
Buldhana,Mandapgaon 
Buldhana,Chincholi Karfarma 
Buldhana,Kingaon Raja 
Buldhana,Pimpalgaon Kale 
Buldhana,Warwand 
Buldhana,Warud 
Buldhana,Bhorse 
Buldhana,Kakanwada Bk. 
Buldhana,Narwel 
Buldhana,Gadagaon  Kh. 
Buldhana,Deulgaon Sakarasha 
Buldhana,Dastapur 
Buldhana,Peth 
Buldhana,Wankhed 
Chandrapur,Manora 
Chandrapur,Kag 
Chandrapur,Kodsi Bk. 
Chandrapur,Welwa Mal 
Chandrapur,Katwal Bhagat 
Chandrapur,Nokari(Palgaon) 
Chandrapur,Palasgaon Jat 
Chandrapur,Belsani 
Chandrapur,Bramhapuri 
Chandrapur,Khangaon 
Chandrapur,Baradkinhi 
Chandrapur,Bothali 
Chandrapur,Chandrapur 
Chandrapur,Shengaon 
Chandrapur,kavitpeth 
Chandrapur,Chikhalgaon 
Chandrapur,Bodakha 
Chandrapur,Sathgaon 
Chandrapur,Kawadjai 
Chandrapur,Junasurla 
Chandrapur,Wagheda 
Chandrapur,Pimpalgaon 
Chandrapur,chintaldhaba 
Chandrapur,Chunala 
Chandrapur,Chindhi Raiyyatwari 
Chandrapur,Arvi 
Chandrapur,Navegaon Pandav 
Chandrapur,Bhatali 
Chandrapur,Palasgaon 
Chandrapur,Chargaon Kh. 
Chandrapur,Chimur 
Chandrapur,Sonegaon 
Chandrapur,Takli 
Chandrapur,Ambholi 
Chandrapur,Maraipatann 
Chandrapur,Wejgaon 
Chandrapur,Kolari 
Chandrapur,Mursa 
Chandrapur,Chargaon Bk. 
Chandrapur,Bhadrawati 
Chandrapur,Nagari 
Chandrapur,Parsodi 
Chandrapur,Pandharwani 
Chandrapur,"Borda (Radhanagri, Netaji highschool behind) "
Chandrapur,Haramba 
Chandrapur,Talodhi 
Chandrapur,Madhali 
Chandrapur,Madnapur 
Chandrapur,Kachepar 
Chandrapur,Ladaj 
Chandrapur,Urjanagar 
Chandrapur,Warora 
Chandrapur,Chargaon 
Chandrapur,Khokari 
Chandrapur,Kasawal 
Chandrapur ,Chandrapur 
Dhule,Hodadane 
Dhule,Warse 
Dhule,Nawadane 
Dhule,Chilare 
Dhule,Karvand 
Dhule,Shirdane  Pr.ner 
Dhule,Burzad 
Dhule,Vikharan Bk. 
Dhule,Behed 
Dhule,Deobhane 
Dhule,Arvi 
Dhule,Shewali (D ) 
Dhule,Kapadne 
Dhule,Ichchapur 
Dhule,Shewadi 
Dhule,Bopkhel 
Dhule,Malpur 
Dhule,Dhamnar  
Dhule,Takarkhede 
Dhule,Chhadwel (korde) 
Dhule,Kawathi 
Dhule,Dondaicha 
Dhule,Pimpalner 
Dhule,Boris 
Dhule,Tembhe Bk. 
Dhule,Tisgaon 
Dhule,Nandale Bk. 
Dhule,Tarhad (Kasbe) 
Dhule,Bhadane 
Dhule,Gangapur 
Dhule,Kasare 
Dhule,Khalane 
Dhule,Navapada (bra) 
Dhule,Nandwan 
Dhule,Dhamnar 
Dhule,Shudrapala 
Dhule,Rohane 
Dhule,Vanaval 
Dhule,Ubhand 
Dhule,Dusane 
Dhule,Palasner 
Dhule,Tekwade 
Dhule,Bramhanwel 
Dhule,Balkuwe 
Dhule,Shirud 
Dhule,Ner 
Dhule,Tamthre 
Dhule,Nimdale 
Dhule,Khamkhede Pr. Ambe 
Dhule,Datarti 
Dhule,Nikumbhe 
Dhule,New Boradi 
Dhule,Thalner 
Dhule,Shindkhede 
Dhule,Khargaon 
Dhule,Chaugaon 
Dhule,Tavkhede P.b. 
Dhule,Sayyadnagar 
Dhule,Kaldar 
Dhule,Dighawe 
Dhule,Arthe Kh. 
Dhule,Mandane 
Dhule,Hatti Kh. 
Dhule,Kokale 
Dhule,Lamkani 
Dhule,Dhaner 
Dhule,Dhamane 
Dhule,Pimpalenr 
Dhule,Wadne 
Dhule,Untawad 
Dhule,Ghodasgaon 
Dhule,Hisale 
Dhule,Udane 
Dhule,Kodid 
Dhule,Babhulde 
Dhule,Shirpur 
Dhule,Manjari 
Dhule,Waghadi 
Dhule,Kalkhede 
Dhule,Purmepada 
Dhule,Dhule 
Dhule,Bhondgaon 
Dhule,Virdel 
Dhule,Nagaon Bk. 
Dhule,Nijampur 
Dhule,Bodgaon 
Dhule,khamkheda 
Dhule,Pilode 
Gadchiroli,Wasa 
Gadchiroli,Kitadi 
Gadchiroli,Deulgaon 
Gadchiroli,Shioni Bk 
Gadchiroli,Ganeshpur Chak 
Gondia,Meghatola 
Gondia,Kudwa 
Gondia,Gondia 
Gondia,Maramjob 
Gondia,Bangaon 
Gondia,Lendezari 
Gondia,Bharnoli 
Gondia,Dinkarnagar 
Hingoli,Jod Pimpri 
Hingoli,Sayala 
Hingoli,Idoli 
Hingoli,Kawadi 
Hingoli,Pardi kh 
Hingoli,Jamgavhan (8007262672) 
Hingoli,Chincholi 
Hingoli,Asola Traf Aundha 
Hingoli,Lahan 
Hingoli,Pangra shinde 
Hingoli,Surajkheda 
Hingoli,Thorava 
Hingoli,Takli Tarf Nandapur 
Hingoli,Uti Purna 
Hingoli,Khudaj 
Hingoli,Walki 
Hingoli,Jawala bajar 
Hingoli,Palshi 
Hingoli,Jamgavhan 
Hingoli,Dongarkada 
Hingoli,Malselu 
Hingoli,Salegaon 
Hingoli,Kapadsingi 
Hingoli,Hingoli 
Hingoli,Kelsula 
Hingoli,Aundha Nagnath 
Hingoli,Bhandegaon 
Hingoli,Kanhegaon 
Hingoli,Khudaj (9403218207) 
Hingoli,Kurunda 
Hingoli,Hiradgaon 
Hingoli,Babhali 
Hingoli,Ada 
Hingoli,Tapowan 
Hingoli,Jawala Bk. 
Hingoli,Shiwani Kh. 
Hingoli,Pardi[Sawali] 
Hingoli,Jamdaya 
Hingoli,Harwadi 
Hingoli,Waghjali 
Hingoli,Jamthi Kh. 
Hingoli,Dhangarwadi 
Hingoli,Kasabe dhawanda 
Jalgaon,Sangvi Bk 
Jalgaon,Takali Bk. 
Jalgaon,Hatale 
Jalgaon,Virwade 
Jalgaon,Raver 
Jalgaon,M.J.College Jalgaon 
Jalgaon,Tawase kh 
Jalgaon,Bhagadare 
Jalgaon,Jamner 
Jalgaon,Mhasve 
Jalgaon,Anturli Kh.Pr.Pachora 
Jalgaon,Lumkhede 
Jalgaon,Vardi 
Jalgaon,Shirsoli P.B. 
Jalgaon,Ravanje Bk. 
Jalgaon,Dondvade 
Jalgaon,Vikharan 
Jalgaon,Chikhali 
Jalgaon,Patonda 
Jalgaon,Songaon (N.V.) 
Jalgaon,Akulkhede 
Jalgaon,Chopda 
Jalgaon,Hatede Bk. 
Jalgaon,Talegaon 
Jalgaon,Balad Bk. 
Jalgaon,Lohatar 
Jalgaon,Chinchkhede Seem 
Jalgaon,Mehunbare 
Jalgaon,Tawase Bk. 
Jalgaon,Kasoda 
Jalgaon,Kolgaon 
Jalgaon,Kurhe 
Jalgaon,Tornala 
Jalgaon,Manur Bk. 
Jalgaon,Visapur tanda 
Jalgaon,Khedi bhokar 
Jalgaon,Salve 
Jalgaon,Shirsode 
Jalgaon,Nashirabad 
Jalgaon,Ghankhede 
Jalgaon,Gudhe 
Jalgaon,Hirapur 
Jalgaon,Chitode 
Jalgaon,Godri 
Jalgaon,Nanded 
Jalgaon,Satod Pr Yawal 
Jalgaon,Kalkhede 
Jalgaon,Londhe 
Jalgaon,Rigaon 
Jalgaon,Neri Bk. 
Jalgaon,Ichhapur 
Jalgaon,Shelwad 
Jalgaon,Nadgaon 
Jalgaon,Shivare Digar 
Jalgaon,Bilwadi 
Jalgaon,Bamhne 
Jalgaon,Kapuswadi 
Jalgaon,Tekwade Bk. 
Jalgaon,Pimpalkothe Pr. Chandsar 
Jalgaon,Wakadi 
Jalgaon,Waghale 
Jalgaon,Morgaon Kh. 
Jalgaon,Mhasawad 
Jalgaon,Bhagdara 
Jalgaon,Nagan Kh 
Jalgaon,Ghodgaon 
Jalgaon,Pimpalgaon Bk. 
Jalgaon,Samrod 
Jalgaon,Avhane 
Jalgaon,Pimpalwad Mhalsa 
Jalgaon,Khadakdeole Bk. 
Jalgaon,Tondapur 
Jalgaon,Mehu 
Jalgaon,Erandol 
Jalgaon,Rotwad 
Jalgaon,Tarwade Bk. 
Jalgaon,Kasba Pimpri 
Jalgaon,Nimkhedi  Bk. 
Jalgaon,Chopda (rampura) 
Jalgaon,Bhadgaon 
Jalgaon,Deoli 
Jalgaon,Nagardeole Bk. 
Jalgaon,Pachora 
Jalgaon,Maskawadsim 
Jalgaon,Khaushi Bk. 
Jalgaon,Mathagavhan 
Jalgaon,Fulgaon 
Jalgaon,valthan tanda 
Jalgaon,Kanashi 
Jalgaon,Tornale 
Jalgaon,Malpimpari 
Jalgaon,Narwade 
Jalgaon,Ravanje Kh. 
Jalgaon,Khanapur 
Jalgaon,Erandol (Rural) 
Jalgaon,Padalse 
Jalgaon,Odhare 
Jalgaon,Nimbhore 
Jalgaon,Dambhurni 
Jalgaon,Garkhede Bk 
Jalgaon,Dasnoor 
Jalgaon,Kerhale Bk. 
Jalgaon,Maskawad Bk. 
Jalgaon,Vadnagari 
Jalgaon,Wade 
Jalgaon,Dhamodi 
Jalgaon,Dighi 
Jalgaon,Mandurne 
Jalgaon,Dangarkuthora 
Jalgaon,Chalisgaon 
Jalgaon,Mondhale 
Jalgaon,Gondgaon 
Jalgaon,Chunchale 
Jalgaon,Ganeshpur 
Jalgaon,Pathari 
Jalgaon,Fattepur 
Jalgaon,Shindi 
Jalgaon,Ramnagar 
Jalgaon,Rohini 
Jalgaon,Sutkar 
Jalgaon,Chincholi Pimpri 
Jalgaon,Revati 
Jalgaon,Kurvel 
Jalgaon,Narne 
Jalgaon,Chahardi 
Jalgaon,Talonde Pr. Dehere 
Jalgaon,Kanalde 
Jalgaon,Yevati 
Jalgaon,Adwad 
Jalgaon,Bodwad 
Jalgaon,Palaskhede Bk. 
Jalgaon,Hiwarkhed Tawa 
Jalgaon,Waghali 
Jalgaon,Waghoda Bk. 
Jalgaon,Shelgaon 
Jalgaon,Kingaon Bk 
Jalgaon,Varangaon 
Jalgaon,Garkhede 
Jalgaon,Kamalgaon 
Jalgaon,Hivar Khede Bk. 
Jalgaon,Ganpur 
Jalna,Khadki 
Jalna,Bharaj Kh. 
Jalna,Uswad (Devthana) 
Jalna,Dhangar Pimpari 
Jalna,Partur 
Jalna,Jamb Samarth 
Jalna,Kolegaon 
Jalna,Bhanang Jalgaon 
Jalna,Somthana 
Jalna,KokateHadgaon 
Jalna,Merkheda 
Jalna,Jawkheda Bk. 
Jalna,Mantha 
Jalna,Mapegaon Kh. 
Jalna,Papal 
Jalna,Devdi Hadgaon 
Jalna,Gavalwadi 
Jalna,Sonak Pimpalgaon 
Jalna,Satara Wahegaon 
Jalna,Jawasgaon 
Jalna,Bhamberi 
Jalna,Wadikalya 
Jalna,Pirsavangi 
Jalna,Utavad 
Jalna,Sawargaon Bhagde 
Jalna,Keligavhan 
Jalna,Bhadli Kh. 
Jalna,Goshegaon 
Jalna,Dhakalgaon 
Jalna,Pimparkhed Bk. 
Jalna,Masegaon 
Jalna,Ghungarde Hadgaon 
Jalna,Kumbhar Pimpalgaon 
Jalna,Paduli Bk. 
Jalna,Kota dabhadi 
Jalna,VAIDYA WADGAON 
Jalna,Devale Gavhan 
Jalna,Khalapuri 
Jalna,Kautha 
Jalna,Babai 
Jalna,Jalna 
Jalna,Usmanpur 
Jalna,Gokulwadi 
Jalna,Dhalaskheda 
Jalna,Ashti 
Jalna,Pithori Sirasgaon 
Jalna,Karadgaon 
Jalna,Pewa 
Jalna,Banegaon 
Jalna,Borgaon khadak 
Jalna,Karanjala 
Jalna,Chitravadgaon 
Jalna,Tadegaonwadi 
Jalna,Baranjala (lokhande) 
Jalna,Savangi Aughadrao 
Jalna,Vidoli Bk. 
Jalna,Walsakhalsa 
Jalna,Paradh Bk. 
Jalna,Kokate Hadgaon 
Jalna,Dahipuri 
Jalna,Argadegavhan 
Jalna,Wahegaon Satara 
Jalna ,Antarwali sarathi 
Kolhapur,Shankarwadi 
Kolhapur,Majegaon 
Kolhapur,Majgaon 
Kolhapur,Abdul Lat 
Kolhapur,Nagaon 
Kolhapur,Kagal (R) 
Kolhapur,Halsavade 
Kolhapur,Wetavade 
Kolhapur,Terani 
Kolhapur,Uchgaon 
Kolhapur,Mutnal 
Kolhapur,Vakare 
Kolhapur,Udagaon 
Kolhapur,Kode 
Kolhapur,Mangnoor 
Kolhapur,Kherivade 
Kolhapur,Karambali 
Kolhapur,Kasaba Nool 
Kolhapur,Dhamod 
Kolhapur,Asagaon 
Kolhapur,Kumbharwadi 
Kolhapur,Khede 
Kolhapur,Date 
Kolhapur,Parale 
Kolhapur,Teraswadi 
Kolhapur,Hallarwadi 
Kolhapur,Kaulav 
Kolhapur,Washi 
Kolhapur,Mudsingi 
Kolhapur,Gandhargad 
Kolhapur,Tudiye 
Kolhapur,Khanapur 
Kolhapur,Bujawade 
Kolhapur,Panore 
Kolhapur,Khebavade 
Kolhapur,Nandani 
Kolhapur,Keloshi Bk. 
Kolhapur,Keloshi Kh. 
Kolhapur,Nimshirgaon 
Kolhapur,Dhundavade 
Kolhapur,Kasarputale 
Kolhapur,Shirol 
Kolhapur,Haladi 
Kolhapur,Nanundre 
Kolhapur,Top 
Kolhapur,Khupire 
Kolhapur,Kapileshwar 
Kolhapur,Shivanakwadi 
Kolhapur,Hupari 
Kolhapur,Khadakewada 
Kolhapur,Palshivane 
Kolhapur,Latwadi 
Kolhapur,Pargaon 
Kolhapur,Pundra 
Kolhapur,Shivange 
Kolhapur,Telave 
Kolhapur,Katlewadi 
Kolhapur,Halkarni 
Kolhapur,kitawade 
Kolhapur,Walivade 
Kolhapur,Jakhale 
Kolhapur,Boravade 
Kolhapur,Valave Kh. 
Kolhapur,Nadhavade 
Kolhapur,Madilge Bk. 
Kolhapur,Kalambe Tarf Kale 
Kolhapur,Kitwad 
Kolhapur,Konvade 
Kolhapur,Kamewadi 
Kolhapur,Kale 
Kolhapur,Gaulwadi (N.V.) 
Kolhapur,Rendal 
Kolhapur,Kololi 
Kolhapur,Ingali 
Kolhapur,Tavarewadi 
Kolhapur,Bamani 
Kolhapur,Kasaba Sangaon 
Kolhapur,Lingnur Dumala 
Kolhapur,Kutwad 
Kolhapur,Nandavade 
Kolhapur,Kanwad 
Kolhapur,Phejiwade 
Kolhapur,Adur 
Kolhapur,Bachani 
Kolhapur,Kembali 
Kolhapur,Kurundawad (R) 
Kolhapur,Chavhanwadi 
Kolhapur,Ningudage 
Kolhapur,Darewadi 
Kolhapur,Chikhali Kasaba 
Kolhapur,Vhanali 
Kolhapur,Ghosarwad 
Kolhapur,Saroli 
Kolhapur,Porle T.Thane 
Kolhapur,Latagaon 
Kolhapur,Sangashi 
Kolhapur,Vadanage 
Kolhapur,Hanimnal 
Kolhapur,Vaitakwadi (N.V.) 
Kolhapur,Yevati 
Kolhapur,Daulatwadi 
Kolhapur,Kerle 
Kolhapur,Burambali 
Kolhapur,Walawa 
Kolhapur,Haroli 
Kolhapur,Chandre 
Kolhapur,Hativade 
Kolhapur,Chipari 
Kolhapur,Shendur 
Kolhapur,Basarge  Kh 
Kolhapur,Kavatheguland 
Latur,Chamarga 
Latur,Tagarkheda 
Latur,Zari Bk 
Latur,Matola 
Latur,Shivankhed 
Latur,Ekurga 
Latur,Lasona 
Latur,Korewadi 
Latur,Hatkarwadi 
Latur,Atola 
Latur,Mallapur 
Latur,Mane Jawalga 
Latur,Khandapur 
Latur,Wanwada 
Latur,Domgaon 
Latur,Shend 
Latur,Aurad (sha) 
Latur,Tambarwadi 
Latur,Halsi Tugaon 
Latur,Batanpur 
Latur,Chichondi 
Latur,Panchincholi Tanda 
Latur,Kumtha Kh. 
Latur,Sirsal 
Latur,Wadgaon  
Latur,Bhatsangvi 
Latur,Latur 
Latur,Yelnur 
Latur,Walandi 
Latur,Boyachiwadi 
Latur,Lohara 
Latur,Karsa 
Latur,Umarga Retu 
Latur,Dewarjan 
Latur,Halgara 
Latur,Kanegaon 
Latur,Gavhan 
Latur,Ganjurwadi 
Latur,Umarga [hadga] 
Latur,Karadkhed 
Latur,Killari 
Latur,Mahadol 
Latur,Nandura Kh 
Latur,Nilanga 
Latur,Jalkot 
Latur,Hanumantwadi Abulga Bk 
Latur,Tondar 
Nagpur,Parseoni 
Nagpur,Channa 
Nagpur,Tarna 
Nagpur,Kotgaon 
Nagpur,Rohna  
Nagpur,Devbardi 
Nagpur,Khutamba 
Nagpur,Kalmeshwar 
Nagpur,Raipur 
Nagpur,Sukali Gupchup 
Nagpur,Uparwani 
Nagpur,Sarandi 
Nagpur,Pawaddauna 
Nagpur,Ghogali 
Nagpur,Zamkoli 
Nagpur,Pachkhedi 
Nagpur,Mahalgaon 
Nagpur,Tarsa 
Nagpur,Nagpur City H.O 
Nagpur,Narsingi 
Nagpur,Plot no 41 Nandanvan layout SB hospital mage Nagpur 
Nagpur,Takli 
Nagpur,Mahendri 
Nagpur,Mauda 
Nagpur,Khedi (r1) 
Nagpur,Bhugaon 
Nagpur,Madna 
Nagpur,Kocchi 
Nagpur,Wakeshwar 
Nagpur,Ambola 
Nagpur,Tinkheda 
Nagpur,Asoli. 
Nagpur,Linga 
Nagpur,Bhiwapur 
Nagpur,khapari Gosavi 
Nagpur,Sawangi 
Nagpur,Kondhali 
Nagpur,Weltur 
Nagpur,Yenwa 
Nagpur,Jaoli 
Nagpur,Nanda Gomukh 
Nagpur,Hingana 
Nagpur,Kuhi 
Nagpur,Mohkhedi 
Nagpur,Parsodi 
Nagpur,Pipla (kinkheda) 
Nagpur,Rajoli 
Nagpur,Asola 
Nagpur,Jiwanapur 
Nagpur,Pohara 
Nagpur,Mokhebardi 
Nagpur,Rajola 
Nagpur,Koradi (N.V.) 
Nagpur,Rewaral 
Nagpur,Khandala (Kh) 
Nagpur,Nawargaon 
Nagpur,Dongarmauda 
Nagpur,Jalalkheda 
Nagpur,Mathani 
Nagpur,Sonarwahi 
Nagpur,Parsodi [Dixit] 
Nagpur,"Weltur, "
Nagpur,Dahegaon 
Nagpur,Bhishnoor 
Nagpur,Titur 
Nagpur,Parsioni 
Nagpur,Nagtaroli 
Nagpur,Kanholibara 
Nagpur,Takalghat 
Nagpur,Nand 
Nagpur,Sonoli 
Nagpur,Mandri 
Nagpur,Bela 
Nagpur,Wadoda 
Nagpur,Mendki 
Nagpur,Ubali 
Nagpur,Indora 
Nagpur,Gonha 
Nagpur,Pendkapur 
Nagpur,Chirwha 
Nagpur,Lohara 
Nagpur,Gumthala 
Nagpur,Kodamendhi 
Nagpur,Sirsi (r) 
Nagpur,Dhanla 
Nagpur,Jamgaon Bk 
Nagpur,Gadegaon 
Nagpur,Nagpur 
Nagpur,Salai (Mokasa) 
Nagpur,Nagpur (Urban) 
Nagpur,Taroli 
Nagpur,Sherdi 
Nagpur,sonoli 
Nagpur,Somanala 
Nagpur,Kargaon 
Nagpur,Sahajapur 
Nagpur,Hardoli 
Nagpur,Khursapar 
Nagpur,Aisamba 
Nagpur,Thana 
Nagpur,Garla 
Nagpur,Kelwad 
Nagpur,Umari 
Nagpur,Pandharabodi 
Nagpur,Chicholi 
Nagpur,Mhalginagar 
Nagpur,Nandra 
Nagpur,Pipra 
Nagpur,Borda 
Nagpur,Sinjar 
Nagpur,Sawangi (Devali)  
Nagpur,Umred 
Nagpur,chicholi 
Nagpur,Khairy kh 
Nagpur,Dongri 
Nagpur,Muktapur 
Nagpur,Musewadi 
Nagpur,Sawargaon 
Nagpur,Deoli kh. 
Nagpur,Kapsi bk 
Nagpur,Khairi (Lakhmaji) 
Nagpur,Thombra 
Nagpur,Hudkeshwar  kh. 
Nagpur,Nimji 
Nagpur,Tuman 
Nagpur,Hattibodi 
Nagpur,Hatla 
Nagpur,Murbi 
Nagpur,Chikhali (Maina) 
Nagpur,Chikhali ( Maina ) 
Nagpur,Walna 
Nagpur,Pachkhedi (gandli) 
Nagpur,Ranwadi 
Nagpur,Nagpur City 
Nagpur,Panjarepar 
Nagpur ,Sonoli 
Nagpur ,wagholi 
Nanded,Talni 
Nanded,Nevri 
Nanded,Walki 
Nanded,Phulwal 
Nanded,Yetala 
Nanded,Naigaon 
Nanded,Lohgaon 
Nanded,Deulgaon 
Nanded,Dabhad 
Nanded,Sagroli 
Nanded,Borgaon (Tamsa) 
Nanded,Mardga 
Nanded,Pendpalli 
Nanded,Khadki (bazar) 
Nanded,Samrala 
Nanded,Pangri 
Nanded,Shivani  Jamga 
Nanded,Chikala 
Nanded,Bodhadi Bk. 
Nanded,Pingali 
Nanded,Dhanora Bk. 
Nanded,Lavhral 
Nanded,Chainpur 
Nanded,Kalambar 
Nanded,Dhotra 
Nanded,Patoda Kh. 
Nanded,Sindi Tanda 
Nanded,Maregaon 
Nanded,Chincholi P.K. 
Nanded,Mangrul 
Nanded,Pimpalgaon (Na) 
Nanded,Kolgaon 
Nanded,Paradwadi 
Nanded,Naigaon (D) 
Nanded,Salegaon (D) 
Nanded,Walki Bk 
Nanded,Wahegaon 
Nanded,Devapur 
Nanded,Pingli 
Nanded,Balapur 
Nanded,Chikhal Bhosi 
Nanded,Ardhapur 
Nanded,Karkala 
Nanded,Sangavi BK 
Nanded,Minki 
Nanded,Masalaga 
Nanded,Mulzara 
Nanded,Mandvi 
Nanded,Badur 
Nanded,Bolsa 
Nanded,Chitagiri 
Nanded,Himayatnagar 
Nanded,Daregaon 
Nanded,Ramtirth 
Nanded,Chinchordi 
Nanded,Hassa 
Nanded,Rajwadi 
Nanded,Penur 
Nanded,Karkheli 
Nanded,Wartala 
Nanded,Yelegaon 
Nanded,Shilvani  
Nanded,Manula (Bk) 
Nanded,Dighi 
Nanded,Anteshwar 
Nanded,Khairgaon 
Nanded,Gorlegaon 
Nanded,Limbgaon 
Nanded,Khanapur 
Nanded,ChabharaTanda 
Nanded,Shelgaon bk 
Nanded,Dapka Gundopant 
Nanded,Baradshewala 
Nanded,"Chitagiri, "
Nanded,Khadki 
Nanded,Khairgaon (m) 
Nanded,Karadkhed 
Nanded,Borgaon Thadi 
Nanded,Palsa 
Nanded,Karwadi 
Nanded,Walkewadi 
Nanded,Murambi 
Nanded,Sawargaon 
Nanded,Martoli 
Nanded,Anjankhed 
Nanded,Pardi Makta 
Nanded,Bolegaon 
Nanded,Lahan 
Nanded,Khatgaon P.D. 
Nanded,Telur 
Nanded,Navi Wadi 
Nanded,Barasgaon 
Nanded,Barbada 
Nanded,Dharmabad 
Nanded,Harbal P.U. 
Nanded,Borgadi 
Nanded,Hindola 
Nanded,Mahadapur 
Nanded,Chikhali Bk. 
Nanded,Chorad 
Nanded,Ibrahimpur 
Nanded,Nanded 
Nanded,Sangvi 
Nanded,Kamajiwadi 
Nanded,Hadgaon 
Nanded,Patharwadi 
Nanded,Karanji 
Nanded,Panbhoshi 
Nanded,Sawargaon Nasarat 
Nanded,Karla 
Nanded,Chondi 
Nanded,Degloor 
Nanded,Balegaon 
Nanded,Abdulapur 
Nanded,Choramba (Nanded) 
Nanded,Kalambar Bk. 
Nanded,Belur Bk. 
Nanded,Barul 
Nanded,Shibadara (J) 
Nanded,Malkautha 
Nanded,Shelgaon 
Nanded,Kundalwadi 
Nanded,Osmannagar 
Nanded,Wazarga 
Nanded,Dongargaon 
Nanded,Shemboli 
Nanded,Bhokaskheda 
Nanded,Chikana 
Nanded,Kadamachiwadi 
Nanded,Bet Sangvi 
Nanded,Munjalga 
Nanded,Kollari 
Nanded,Yewati 
Nandurbar,Vardhe 
Nandurbar,Kudhavad 
Nandurbar,Talwade bk 
Nandurbar,Fes 
Nandurbar,Ganeshbhawal 
Nandurbar,Kokniwada 
Nandurbar,Taloda 
Nandurbar,Maloni 
Nandurbar,Kolde 
Nandurbar,Dhanora 
Nandurbar,Nandvan 
Nandurbar,Borpada 
Nandurbar,Vikharan 
Nandurbar,Vadchhil 
Nandurbar,Mohide-t-shahade 
Nandurbar,Selingpur 
Nandurbar,Asalod 
Nandurbar,Kahatul 
Nandurbar,Chikhali Bk 
Nandurbar,Raikhed 
Nandurbar,Palsun 
Nandurbar,Korit 
Nandurbar,Pusanad 
Nandurbar,Khairve 
Nandurbar,Bhamarmal 
Nandurbar,Padalde-bk 
Nandurbar,Chouki 
Nandurbar,Padalde bk 
Nandurbar,Shahada 
Nandurbar,Shelti 
Nandurbar,Karjot 
Nandurbar,Shrirampur 
Nandurbar,Vaijali 
Nandurbar,Padalda 
Nandurbar,Kanadi Kh 
Nandurbar,Nalve Bk. 
Nandurbar,Khondamali 
Nandurbar,Dongargaon 
Nandurbar,Karanjvel 
Nandurbar,Dhurkheda 
Nandurbar,Tikhore 
Nandurbar,Borale 
Nandurbar,Palasvade 
Nandurbar,Shinde 
Nandurbar,Bhardu 
Nandurbar,Kauthal-t-sarangkheda 
Nandurbar,Lonkheda 
Nandurbar,Mhasavad 
Nandurbar,Sarangkheda 
Nashik,Waviharsh 
Nashik,Avachitwadi (N.V.) 
Nashik,Nimgaon Sinner 
Nashik,Ahurli 
Nashik,Chitegaon 
Nashik,Ronzane 
Nashik,Eklahare 
Nashik,Kanadwadi 
Nashik,Chinchondi 
Nashik,Pathare Bk. 
Nashik,Kalwan Bk. 
Nashik,Pandhurli 
Nashik,Nilkhede 
Nashik,Darhane 
Nashik,Sundarpur 
Nashik,Jalgaon Neur 
Nashik,Ojhar 
Nashik,Jamdari 
Nashik,Nandesar 
Nashik,Vadangli 
Nashik,Karanji Kh. 
Nashik,Ganeshnagar (Malewada) 
Nashik,Manur 
Nashik,Dangsaundane 
Nashik,Gangapur 
Nashik,Deola 
Nashik,Niphad 
Nashik,Bramhangaon 
Nashik,Nagapur 
Nashik,Dindori 
Nashik,Chas 
Nashik,Nilwandi 
Nashik,Jambutke 
Nashik,Vadali Najik 
Nashik,Vithewadi 
Nashik,Nashik City 
Nashik,Arai 
Nashik,Pale Kh. 
Nashik,Muwane  
Nashik,Bej 
Nashik,Khamtane 
Nashik,Sawandgaon 
Nashik,Jamdari (8806285553) 
Nashik,Bagadu 
Nashik,Karanjul Surgana 
Nashik,Nandgaon 
Nashik,Vinchur Dalvi 
Nashik,Chondhi 
Nashik,Barde 
Nashik,Lauki Shiras 
Nashik,Mhalsakore 
Nashik,Sangamner 
Nashik,Deshwandi 
Nashik,Sinnar 
Nashik,Wadali Nazik  
Nashik,Akhatwade 
Nashik,Sanjegaon 
Nashik,Nalegaon 
Nashik,Pimpri sayyed 
Nashik,Sakur 
Nashik,Shirsate 
Nashik,Dhaur 
Nashik,Ghoti bk 
Nashik,Nimgaon Deopur 
Nashik,Ghoti Kh 
Nashik,Pale Bk. 
Nashik,Nandgaon Bk 
Nashik,Varkhede 
Nashik,Deopada 
Nashik,Inshi 
Nashik,Jirwade Otur 
Nashik,Mokbhanagi 
Nashik,Senvad Bk 
Nashik,Nanashi 
Nashik,Vajirkhede 
Nashik,Dugaon 
Nashik,Subhash Nagar 
Nashik,Materewadi 
Nashik,Mangrul 
Nashik,Shirasamani 
Nashik,Ghanegaon 
Nashik,Abhona 
Nashik,Vadgaon Pangu 
Nashik,Navi Bej 
Nashik,Vadgaon 
Nashik,Shenvad bk 
Nashik,Chinchagavhan 
Nashik,Mesankhede Kh 
Nashik,Vinchurgavali 
Nashik,Nashik 
Nashik,Kone 
Nashik,Kelzar 
Nashik,Desrane 
Nashik,Talwade 
Nashik,Karambhel Kanashi 
Nashik,Kanashi 
Nashik,Jategaon 
Nashik,Tungan Digar 
Nashik,Golshi 
Nashik,Wanjole 
Nashik,Kasbe Vani 
Nashik,Anandpur 
Nashik,Kharde (Wakhari) 
Nashik,Sakorepada (N.V.) 
Nashik,nashik 
Nashik,Khamkhede 
Nashik,Bhuyane 
Nashik,Pimpalgaon Mor 
Nashik,Vanjarwadi 
Nashik,Murambi 
Nashik,Chandgiri 
Nashik,Pimpalgaon Dhum 
Nashik,Krishnanagar 
Nashik,Pingalwade 
Nashik,Kalwan Kh 
Nashik,Mogare 
Nashik,Nimon 
Nashik,Naigaon 
Nashik,Mohamukh 
Nashik,Vithewadi(L.O) 
Nashik,Amode 
Nashik,Datyane 
Nashik,Gondegaon 
Nashik,Nitane 
Nashik,Borkhind 
Nashik,Bharvir 
Nashik,Talegaon Anjaneri 
Nashik,Jaidar 
Nashik,Deothan 
Nashik,Komalwadi 
Nashik,Bharatpur 
Nashik,Aliyabad 
Nashik,Meshi 
Nashik,Brahmangaon 
Nashik,Khedgaon 
Nashik,Bodhe 
Nashik,Adgaon Repal 
Nashik,Janori 
Nashik,Ambasan 
Nashik,Pardevi 
Nashik,Kandhane 
Nashik,Adgaon Chothava 
Nashik,Shevgedarna 
Nashik,AgasKhind 
Nashik,Bortembhe 
Nashik,Malagaon 
Nashik,Dapur 
Nashik,Bhendali 
Nashik,Astane 
Nashik,Manur  
Nashik,Askheda 
Nashik,deola 
Nashik,Karanjad 
Nashik,Dahiwal 
Nashik,Balayduri 
Nashik,Parner 
Nashik,Jaikheda 
Nashik,Vadner Bhairao 
Nashik,Yesgaon Bk 
Nashik,Lohoner 
Nashik,Malegaon 
Nashik,Joran 
Nashik,Shenit 
Nashik,Niwane 
Nashik,Dahegaon 
Osmanabad,Jewali 
Osmanabad,Kond 
Osmanabad,Chilvadi 
Osmanabad,Keshegaon 
Osmanabad,Mankeshwar 
Osmanabad,Dabha 
Osmanabad,Kandari 
Osmanabad,Bhandgaon 
Osmanabad,Kalegaon 
Osmanabad,Mandva 
Osmanabad,Wadibamani 
Osmanabad,Sumbha 
Osmanabad,Walwad 
Osmanabad,Tuljapur 
Osmanabad,Masala kh. 
Osmanabad,Dhotri 
Osmanabad,Wakadi 
Osmanabad,Ter 
Osmanabad,Padoli 
Osmanabad,Kanegaon 
Osmanabad,Khamgaon 
Osmanabad,Kaudgaon 
Osmanabad,Lohagaon 
Osmanabad,Gaurgaon 
Osmanabad,Jalkot 
Osmanabad,Gondhalwadi 
Osmanabad,Manegopal 
Osmanabad,Pandharewadi 
Osmanabad,Pimparkhed 
Osmanabad,Osmanabad 
Osmanabad,Umarga(rural) 
Osmanabad,Wadgaon Kati 
Osmanabad,Andur 
Osmanabad,Poramba 
Osmanabad,Donja 
Osmanabad,Takali 
Osmanabad,Chincholi Jahagir 
Osmanabad,Anjan soda 
Osmanabad,Morda 
Osmanabad,Palsap 
Osmanabad,Kilaj 
Osmanabad,Barul 
Osmanabad,Handral 
Osmanabad,Palaswadi 
Osmanabad,Padoli (Akubai) 
Osmanabad,Bhoom 
Osmanabad,Jagji 
Osmanabad,Kanthekur 
Osmanabad,Dhoki 
Osmanabad,Wadgaon lakh 
Osmanabad,Gojwada 
Osmanabad,Sindfal 
Osmanabad,Kini 
Osmanabad,Wangi Bk. 
Osmanabad,Mendha 
Osmanabad,Irla 
Osmanabad,Saramkondi 
Osmanabad,Malumbra 
Osmanabad,Talmod 
Osmanabad,Chivari 
Osmanabad,Kherda 
Osmanabad,Antargaon 
Osmanabad,Bijanwadi 
Osmanabad,Yeoti 
Osmanabad,Bavi(Osmanabad) 
Osmanabad,Walgud 
Osmanabad,Sirsav 
Osmanabad,Pathrud 
Osmanabad,Undegaon 
Osmanabad,Deokurli 
Osmanabad,Bagalwadi (N.V.) 
Osmanabad,Belamb 
Osmanabad,Para 
Osmanabad,Sangvi Kati 
Osmanabad,Hasegaon Kej 
Osmanabad,Mangrul 
Osmanabad,Kallam 
Osmanabad,Gaudgaon 
Osmanabad,Patsangvi 
Osmanabad,Nipani 
Osmanabad,Hangarga tul 
Osmanabad,Baswantwadi 
Osmanabad,Nalgaon 
Osmanabad,Yenegaon 
Osmanabad,Bhotra 
Osmanabad,Kamtha 
Osmanabad,Sastur 
Osmanabad,Upla 
Osmanabad,Dalimb 
Osmanabad,Matola kh. 
Osmanabad,Wanegaon 
Osmanabad,Sakat kh. 
Osmanabad,Shiradhon 
Osmanabad,Kader 
Osmanabad,Naldurg 
Osmanabad,Achaler 
Osmanabad,Apsinga 
Osmanabad,Jawalga Mesai 
Osmanabad,Takali Bembali 
Osmanabad,Dawal Malikwadi 
Osmanabad,Khandeshwar wadi 
Osmanabad,Itkur 
Osmanabad,Kemwadi 
Osmanabad,Ghatnandur 
Palghar,Sasane 
Palghar,Gandhare 
Palghar,Embur Airambi 
Palghar,Saware 
Parbhani,Chandaj 
Parbhani,kansur tanda 
Parbhani,Waghi (Dhanora) 
Parbhani,Aherwadi 
Parbhani,Pohandul 
Parbhani,Zari 
Parbhani,Kolhawadi 
Parbhani,Chamani 
Parbhani,Nila 
Parbhani,Tadkalas 
Parbhani,Niwali 
Parbhani,Jodparli 
Parbhani,Dudhgaon 
Parbhani,takalga 
Parbhani,Kansur 
Parbhani,Balsa bk. 
Parbhani,Borwand bk. 
Parbhani,Dagadchop 
Parbhani,Sarangapur 
Parbhani,Borgaon Jahagir 
Parbhani,Bhisegaon 
Parbhani,SIMANGAON BO 
Parbhani,Chatori 
Parbhani,Angalgaon 
Parbhani,Vadi 
Parbhani,Ambe takli 
Parbhani,Niwali Bk. 
Parbhani,Hadgaon Bk 
Parbhani,Mirzapur 
Parbhani,Bhosa 
Parbhani,Shelgaon Hatkar 
Parbhani,Korwadi 
Parbhani,Sonpeth 
Parbhani,Digras 
Parbhani,Satephal tarf kaulgaon 
Parbhani,Barbadi 
Parbhani,Lon kh. 
Parbhani,Mankeshwar[P.jintur] 
Parbhani,Tidi Pimpalgaon 
Parbhani,Wadgaon tarf bharaswad 
Parbhani,Kothala 
Parbhani,Zodgaon 
Parbhani,Mandwa 
Parbhani,Anandwadi 
Parbhani,Parbhani Town 
Parbhani,Pegargavhan 
Parbhani,Takli kumbhakarna 
Parbhani,Sawangi Bhamble 
Parbhani,Saikheda (jintur Circle) 
Parbhani,Mangrul Bk 
Parbhani,Umari 
Parbhani,Kawalgaon 
Parbhani,Pathargavhan Kh 
Parbhani,Itoli 
Parbhani,Mardasgaon 
Parbhani,Rudhi 
Parbhani,Devgaon (Nandgaon) 
Parbhani,Khujada 
Parbhani,Tad Borgaon 
Parbhani,Dutka 
Parbhani,Dhanewadi 
Parbhani,Manwath 
Parbhani,Somthana 
Parbhani,Tamaswadi 
Parbhani,Adgaon sugaon 
Parbhani,Kolapa 
Parbhani,Wazar Bk 
Parbhani,Pingali 
Parbhani,Rampuri Kh 
Parbhani,Sheikh Rajura 
Parbhani,Nandgaon Kh. 
Parbhani,Mandakhali 
Parbhani,Ravalgaon 
Parbhani,Wai tarf lasina 
Parbhani,Ithalapur Deshmukh 
Parbhani,renkapur 
Parbhani,Pathargavhan Bk 
Parbhani,Zola Phata 
Parbhani,Kawi 
Parbhani,Takli Bobade 
Parbhani,Walour 
Parbhani,Kasapuri 
Parbhani,Tarugavhan 
Parbhani,Dharasur 
Parbhani,Surpimpari 
Parbhani,Warkheda 
Parbhani,Pedgaon 
Parbhani,Bhogaon 
Parbhani,Jintur 
Parbhani,Ambarwadi 
Parbhani,Pathri 
Parbhani,Sawali 
Pune,Pimpalgaon Tarf Mahalunge 
Pune,Golegaon 
Pune,Punawale 
Pune,Nagadwadi 
Pune,Dhanore 
Pune,Sayagaon 
Pune,Bhosari 
Pune,Nhavi Sandas 
Pune,Mandvi Bk. 
Pune,Pimpalsuti 
Pune,Mudhale 
Pune,Khadaki 
Pune,Chandus 
Pune,Khangaon 
Pune,Pimpri Kh. 
Pune,MOSHI 
Pune,Narayangaon 
Pune,Khodad 
Pune,Jadhav Wadi 
Pune,Gotandi 
Pune,Shindewadi 
Pune,Sawatamalinagar 
Pune,Undavadi Kade Pathar 
Pune,Narodi 
Pune,Chikhali 
Pune,Shelgaon 
Pune,Sashte 
Pune,Kesnand 
Pune,Bawada 
Pune,Uralgaon 
Pune,Pimpalgaon Siddhanath 
Pune,Agoti No.2 
Pune,Pargaon Tarf Madh 
Pune,Jadhavwadi (Ranjani) (N.V.) 
Pune,Gonavadi 
Pune,Karawaghaj 
Pune,Nimgaon Ketki 
Pune,Wagholi 
Pune,Bhawadi 
Pune,Dapodi 
Pune,Lawale 
Pune,Nidhan 
Pune,Akole 
Pune,Talegaon Dhamdhere 
Pune,Nimgaon Tarf Mahalunge 
Pune,Amondi 
Pune,Pimpale Khalsa 
Pune,Hatwalan 
Pune,Ranjani 
Pune,Alandi Mhatobachi  
Pune,Kalamb 
Pune,Aundh Camp 
Pune,Yawat 
Pune,Kothurne 
Pune,Manjarewadi dharm 
Pune,Rajegaon 
Pune,Jategaon Bk. 
Pune,Darekarwadi 
Pune,Otur 
Pune,Nazarekade Pathar 
Pune,Karandi 
Pune,Kiwale 
Pune,Vadebholhai 
Pune,Patas 
Pune,Pargaon 
Pune,Pargaon Memane 
Pune,Korhale Bk 
Pune,Dhumalicha Mala 
Pune,Kalus 
Pune,Kurawali 
Pune,Kikavi 
Pune,Peth 
Pune,Ambavade 
Pune,Rahatwade 
Pune,Tilekarwadi 
Pune,Alandi Rural 
Pune,Katphal 
Pune,Pargaon Tarf Awasari Bk. 
Pune,Khanapur 
Pune,Nimgaon 
Pune,Hivare Tarf Narayangaon 
Pune,Late B.O 
Pune,Pargaon Salumalu 
Pune,Chincholi 
Pune,Marunji 
Pune,Undawadi 
Pune,Alegaon Paga 
Pune,Velhe Bk. 
Pune,Sultanpur 
Pune,Pargaon (mangrul) 
Pune,Rahu 
Pune,Babhulsar Kh. 
Pune,Malawali P.M 
Pune,Salwadi 
Pune,Mandaki 
Pune,Malthan 
Pune,Mahalunge Padawal 
Pune,Gar 
Pune,Deulgaon Raje 
Pune,Shindodi 
Pune,Sarafwadi 
Pune,Ballalwadi 
Pune,Khandobachiwadi 
Pune,Kusur 
Pune,Perane 
Pune,Ravadewadi 
Pune,Padali 
Pune,Tandali 
Pune,Kalewadi (nv) 
Pune,Lohogaon 
Pune,Chas 
Pune, Malawali P.m. 
Pune,Anthurne 
Pune,Warwand 
Pune,Kumbhargaon 
Pune,Parwadi 
Pune,Bhongvali 
Pune,Junnar 
Pune,Dhalewadi 
Pune,Nirvi 
Pune,Boratwadi 
Pune,Wade Bolhai 
Pune,Malad (baramati) 
Pune,Taratgaon 
Pune,Hadapsar ( Pune ) 
Pune,Sonori 
Pune,Kanase 
Pune,Sangamner 
Pune,Shetphal Haveli 
Pune,Kawathe 
Pune,Padasthal 
Pune,Jarkarwadi 
Pune,Waghale 
Pune,Padvi 
Pune,Nimdari 
Pune,Awasari 
Pune,Jategaon khurd 
Pune,Nimone 
Pune,Charholi BK 
Pune,Chandgude Wadi 
Pune,Pimpri Bk. 
Pune,Pimpali 
Pune,Waki Bk 
Pune,Ghodegaon 
Pune,Karanjawane 
Pune,Pimpalwandi 
Pune,Mangrul 
Pune,Palasdeo 
Pune,Chopadaj 
Pune,Shinoli 
Pune,Ambethan 
Pune,Kharade Wadi 
Pune,Giravi 
Pune,Kusegaon 
Pune,Tarangwadi 
Pune,Salumbare 
Pune,Chinchodi 
Pune,Mandavgan Farata 
Pune,pandhre 
Pune,Ozar 
Pune,Kandali 
Pune,Sardewadi 
Pune,Kedgaon 
Pune,Loni-kalbhor 
Pune,Veer 
Pune,Nandgaon 
Pune,Baburdi 
Pune,Dhekalvadi 
Pune,Lasurne 
Pune,Zaragadwadi 
Pune,Pimpalgaon Joga 
Pune,Dandwadi 
Pune,Yenere 
Pune,Dingore 
Pune,Dudulgaon 
Pune,Mawal 
Pune,Pimpri Pendhar 
Pune,Jambe 
Pune,Girim 
Pune,Pisurti 
Pune,Redani 
Pune,Loni Kalbhor 
Pune,Bhadawali 
Pune,Shirsuphal 
Pune,Netwad 
Pune,Udhat 
Pune,Gaud Dara 
Pune,Dhalewadi Tarf Minher 
Pune,Kangaon 
Pune,Pimpalgaon 
Pune,Boripardhi 
Pune,Ganegaon Khalsa 
Pune,Sadobachiwadi 
Pune,Umbraj 
Pune,Parinche 
Pune,Kodit Bk. 
Pune,Bhat Nimgaon 
Pune,Ambe Gavhan 
Pune,Male 
Pune,Supe 
Pune,Dalaj No.1 
Pune,Tannu 
Pune,Pisarve 
Pune,Gangapur Kh. 
Pune,Rakshewadi 
Pune,Vadgaon Kashimbeg 
Pune,Alandi Mhatobachi 
Pune,Varu 
Pune,Murti  
Pune,Koregaon Bhiwar 
Pune,Manjari Bk 
Pune,Awasari Kh 
Pune,Shelgaon 
Pune,Hingangaon(shindewadi) 
Pune,Shivali 
Pune,kanawade 
Pune,Gondi 
Pune,Kharadi 
Pune,Ganegaon Dumala 
Pune,Pandare 
Pune,Vadgaon Kandali 
Pune,Kalas 
Pune,Parodi 
Pune,Sakore 
Pune,Dive 
Pune ,Pimpali 
Raigarh,Nandvi 
Raigarh,Kurdus 
Raigarh,Gaulmal Dhanagarwada 
Raigarh,Karivane 
Raigarh,Aweti 
Ratnagiri,Ovali 
Ratnagiri,Ambavali Bk. 
Ratnagiri,Nivendi 
Ratnagiri,Nirbade 
Ratnagiri,Ambedu Bk. 
Ratnagiri,Rehabhagadi 
Ratnagiri,Khadpoli 
Sangli,Peth 
Sangli,Amanapur 
Sangli,Arwade 
Sangli,Khojanwadi 
Sangli,VITE 
Sangli,Rampur 
Sangli,Shindewadi 
Sangli,Yevlewadi 
Sangli,Salgare 
Sangli,Yelavi 
Sangli,Nerle 
Sangli,Muchandi 
Sangli,Balvadi Bhalvani 
Sangli,Arala 
Sangli,Yede Machchhindra 
Sangli,Shene 
Sangli,Kavathe Piran 
Sangli,Kavathe Mahankal 
Sangli,Kumbhari 
Sangli,Farnewadi(shigaon) 
Sangli,Nathavade 
Sangli,Galavewadi 
Sangli,Shirasgaon 
Sangli,Shivani 
Sangli,Biur 
Sangli,Dudhgaon 
Sangli,Nimsod 
Sangli,Burli 
Sangli,Bhatshirgaon 
Sangli,Julewadi 
Sangli,Bambavade 
Sangli,Sankh 
Sangli,Arag 
Sangli,Turchi 
Sangli,Lingnur 
Sangli,Kognoli 
Sangli,Yede Nipani 
Sangli,Chikhali 
Sangli,Saholi 
Sangli,Banali 
Sangli,Devrashtre 
Sangli,Mhaisal(s) 
Sangli,Dorli 
Sangli,Kanharwadi 
Sangli,Dhalewadi 
Sangli,Bamani 
Sangli,Shirala Kh. 
Sangli,Sanamadi 
Sangli,Shigaon 
Sangli,Karajangi 
Sangli,Kadegaon 
Sangli,Shindewadi(h) 
Sangli,Nevari 
Sangli,Hivtad 
Sangli,Tanang 
Sangli,Bahadurwadi 
Sangli,Bhikawadi Kh 
Sangli,Hubalwadi 
Sangli,Palus 
Sangli,Nagthane 
Sangli,Sagaon 
Sangli,Tondoli 
Sangli,Aitavade Kh 
Sangli,Miraj 
Sangli,Ingrul 
Sangli,Yedemachindra 
Sangli,Kasegaon 
Sangli,Raygaon 
Sangli,Ubalwadi 
Sangli,Rajewadi 
Sangli,Vejegaon 
Sangli,Nagewadi 
Sangli,Gotkhindi 
Sangli,Malvadi 
Sangli,Alate 
Sangli,Sakharale 
Sangli,Wakurde Kh 
Sangli,Dhavadwadi 
Sangli,Lengre 
Sangli,Tandulwadi 
Sangli,Vihapur 
Sangli,Bavchi 
Satara,Velu 
Satara,Mayani 
Satara,Helgaon 
Satara,Mhavashi 
Satara,Kathapur 
Satara,Aundh 
Satara,Surawadi 
Satara,Kelghar t medha 
Satara,Pimpode kh. 
Satara,Lodhavade 
Satara,Vadgaon (J.s.) 
Satara,Adarki Kh. 
Satara,Salpe 
Satara,Revalkarwadi 
Satara,Nimblak 
Satara,Adarki Bk. 
Satara,Apashinge 
Satara,Gharewadi 
Satara,Kiroli 
Satara,Dharpudi 
Satara,Dhom 
Satara,Katarkhatav 
Satara,Mirewadi 
Satara,Ner 
Satara,Satara 
Satara,Kapadgaon 
Satara,Bhosare 
Satara,Vadoli Nileshwar 
Satara,Khodshi 
Satara,Satalewadi (N.V.) 
Satara,Vanvasmachi 
Satara,Wai (Rural) 
Satara,Lohom 
Satara,Wagholi 
Satara,Godsewadi 
Satara,Vaduth 
Satara,Vaduj 
Satara,Pangarkhel 
Satara,Kapshi 
Satara,Kalvade 
Satara,Goregaon  (N) (Vangi) 
Satara,Wawarhire 
Satara,Banpethwadi 
Satara,Koparde Haveli 
Satara,Vidani 
Satara,Bavda 
Satara,Vechale 
Satara,Kasarshirambe 
Satara,Shendre 
Satara,Gove 
Satara,Karad (rural) 
Satara,Asawali 
Satara,Asale 
Satara,Talbid 
Satara,Somanthali 
Satara,Sakharwadi 
Satara,Mhasurne 
Satara,Kadegaon 
Satara,Jakhinwadi 
Satara,Ambawade s. koregaon 
Satara,Mhaswad 
Satara,Koregaon 
Satara,Veloshi 
Satara,Saskal 
Satara,Naikachiwadi 
Satara,Revalkarwadia 
Satara,Khamgaon 
Satara,Dhuldev 
Satara,Tambave 
Satara,Belavade  bk 
Satara,Miryachiwadi 
Satara,Hol 
Satara,Undale 
Satara,Chanchali 
Satara,Barad 
Satara,Vardhangad 
Satara,Nele 
Satara,Mhasoli 
Satara,Pargaon 
Satara,Shitalwadi 
Satara,Tadawale s.koregaon 
Satara,Pal 
Satara,Nalavadewadi 
Satara,Munjwadi 
Satara,PHALATAN 
Satara,Gondavale kh. 
Satara,Bahule 
Satara,Phaltan 
Satara,BADEWADI 
Satara,Tembhu 
Satara,Zarewadi 
Satara,Diskal 
Satara,Rahatani 
Satara,Shendurjane 
Satara,Taradgaon 
Satara,Atake 
Satara,Kumathe 
Satara,Pimpari 
Satara,Chitali 
Satara,Bhose 
Satara,Kanur 
Satara,Kukudwad 
Satara,Lonand 
Satara,Valuth 
Satara,Gursale 
Satara,Karedi t.kudal 
Satara,Nimsod 
Satara,Rautwadi 
Satara,Vajegaon 
Satara,Gogavalewadi (N.V.) 
Satara,Aakhegani 
Satara,Tadavale 
Satara,Kuroli 
Satara,Alagudewadi 
Satara,Kirpe 
Satara,Javale 
Satara,Pawarwadi 
Satara,Takalwade 
Satara,Malewadi 
Satara,Tathavada 
Satara,Nigadi t.Satara 
Satara,Anpatwadi 
Satara,Ambavade 
Sindhudurg,Kasarde 
Solapur,Solapur 
Solapur,Bondale 
Solapur,Hanjagi 
Solapur,Piliv 
Solapur,Pisewadi 
Solapur,Bhend 
Solapur,Nimbargi 
Solapur,Laxminagar  (D.Wadi) 
Solapur,Jeur 
Solapur,Dahigaon 
Solapur,Ropale 
Solapur,Papari 
Solapur,Ropale Kh. 
Solapur,Mardi 
Solapur,Penur 
Solapur,Kondhej 
Solapur,Sarkoli 
Solapur,Devikavathe 
Solapur,Ankalage 
Solapur,Sulewadi 
Solapur,Khardi 
Solapur,Sonke 
Solapur,Shiral Tembhurni 
Solapur,Maroli 
Solapur,Shedshinge 
Solapur,Mundhewadi 
Solapur,Kurbavi 
Solapur,Tavashi 
Solapur,Badalkot 
Solapur,Bhatumbare 
Solapur,Narayan Chincholi 
Solapur,Pirale 
Solapur,Pangri 
Solapur,Wadegaon 
Solapur,Khairao 
Solapur,Umbare 
Solapur,Darfal (Bibi) 
Solapur,Udagi 
Solapur,Mahalung 
Solapur,Madre 
Solapur,Kalkarjal 
Solapur,Khed 
Solapur,Nimgaon (H) 
Solapur,Sayyadwarwade 
Solapur,Shirnadgi 
Solapur,Laul 
Solapur,Akole Kh 
Solapur,Ranzani 
Solapur,Bhamburdi 
Solapur,Shindewadi 
Solapur,Katral 
Solapur,Honsal 
Solapur,Honmurgi 
Solapur,Alage 
Solapur,Patkul 
Solapur,Akole Mandrup 
Solapur,Pangare 
Solapur,Upalai Bk. 
Solapur,Tapkiri Shetphal 
Solapur,Alegaon Kh 
Solapur,Ujani Madha 
Solapur,Sade 
Solapur,Lawang 
Solapur,Lahu 
Solapur,Nimgaon 
Solapur,Takali Tembhurni 
Solapur,Lavangi 
Solapur,Akulgaon 
Solapur,Pangre 
Solapur,Mudhavi 
Solapur,Mandegaon 
Solapur,Mhaisalage 
Solapur,Kondhar Chincholi 
Solapur,Kolegaon 
Solapur,Bavi 
Solapur,Umbare Dahigaon 
Solapur,Karkamb 
Solapur,Chincholi Bhose 
Solapur,Ghanegaon     
Solapur,Natepute 
Solapur,Karmala 
Solapur,Pimpalkhunte 
Solapur,Ekurke 
Solapur,Shirbavi 
Solapur,Nandore 
Solapur,Talewad 
Solapur,Sangewadi 
Solapur,Kandar 
Solapur,Borgaon 
Solapur,Sounde 
Solapur,Tirale 
Solapur,Dadapur 
Solapur,Washimbe 
Solapur,Mitkalwadi 
Solapur,Modnimb 
Solapur,Chinchgaon 
Solapur,Hole Kh. 
Solapur,Jategaon 
Solapur,Mangi 
Solapur,Kurnur 
Solapur,Darphal (Bibi) 
Solapur,Darphal (Gawadi) 
Solapur,Waki Shivane 
Solapur,Chandaj 
Solapur,Barloni 
Solapur,Sawaleshwar 
Solapur,Narotewadi 
Solapur,Shelve 
Solapur,Kurudvadi 
Solapur,Gholasgaon 
Solapur,Save 
Solapur,Mangalvedha 
Solapur,Maindargi (Rural) 
Solapur,Suste 
Solapur,Parite 
Solapur,Hivare 
Solapur,Bhalwani 
Solapur,Khilarwadi 
Solapur,Konheri 
Solapur,Palshi 
Solapur,Jamgaon Bk 
Solapur,Hingani 
Solapur,Chikhalthan 
Solapur,Kurduwadi 
Solapur,Londhewadi 
Solapur,Wirawade Bk 
Solapur,Kalman 
Solapur,Degaon 
Solapur,Upalai Kh. 
Solapur,Bhatambare 
Solapur,Pulujwadi 
Solapur,Korfale 
Solapur,Akole 
Solapur,Uplai Rly Stn 
Solapur,Delwadi 
Solapur,Ghanegaon 
Solapur,Yeshwantnagar 
Solapur,Upalai (Thonge) 
Solapur,Jawalgaon 
Solapur,Goyegaon 
Solapur,Sangdari 
Solapur,Babhulgaon 
Solapur,Wirwade Bk 
Solapur,Tisangi 
Solapur,Shivane 
Solapur,Sogaon 
Solapur,Dharmpuri 
Solapur,Magarwadi 
Solapur,Upale Dhumala 
Solapur,Chare 
Solapur,Wagholi  
Solapur,Umrad 
Solapur,Yeoti 
Solapur,Tembhurni 
Solapur,Khed Bhalawani 
Solapur,Nandur 
Solapur,Yashawantnagar 
Solapur,Dhondewadi 
Solapur,Velapur 
Solapur,Gursale 
Solapur,Karamba 
Solapur,Jaloli 
Solapur,Gunjegaon 
Solapur,Bagalwadi 
Solapur,Vairag 
Solapur,Kolekarwadi 
Solapur,Zaregaon 
Solapur,Badalewadi 
Solapur,Washibe 
Solapur,Kem 
Solapur,(Baxi)Hipparge 
Solapur,Mohol 
Solapur,Dodyal 
Solapur,Dhokbabulgaon 
Solapur,Borale 
Solapur,Mire 
Solapur,Tandulwadi 
Solapur,Sakat 
Solapur,Sangole 
Solapur,Ashti 
Solapur,Akkalkot 
Solapur,Irle 
Solapur,Yawali 
Solapur,Khomnal 
Solapur,Tambole 
Solapur,Kumathe 
Solapur,Gadegaon 
Solapur,Kanher 
Solapur,Puluj 
Solapur,Chikmahud 
Solapur,Shetphal 
Solapur,Pandharewadi 
Solapur,Pimpalner 
Solapur,Shiral 
Solapur,Tambave 
Solapur,Andhalgaon 
Solapur,Tondale 
Solapur,Kewad 
Solapur,Bhilarwadi 
Solapur,Bolkavathe 
Solapur,Kasegaon 
Solapur,Barshi City 
Solapur,Takali (Shikandar) 
Solapur,Paniv 
Solapur,Bhurikavathe 
Solapur,Mahim 
Solapur,Ganeshwadi 
Solapur,Korwali 
Solapur,Shingewadi 
Solapur,Pimpri (Ratanjan) 
Solapur,Wangi 
Solapur,Barhanpur 
Solapur,Surdi 
Solapur,Korawali Tanda 
Solapur,Kalambwadi (P) 
Solapur,Rahatewadi 
Solapur,Balewadi 
Solapur,Bhoyare 
Solapur,Kavhe 
Solapur,Warawade 
Solapur ,Jadhavwadi 
Solapur ,Sakat 
Solapur ,Khardi 
Thane,Usarani 
Thane,Embur Airambi 
Thane,Nadgaon 
Thane,avandhe 
Thane,Gokulgaon (N.V.) 
Thane,Jawhar 
Thane,Saravali 
Thane,Nhave 
Thane,Guhir 
Thane,Narivali 
Thane,Ranshet 
Thane,Khaira 
Thane,Dongar Nhave 
Thane,Kharivali 
Thane,Kelthan 
Thane,Kurze 
Thane,Sasane 
Thane ,Yeranjad  
Wardha,Waigaon 
Wardha,Nagzari 
Wardha,Yerangaon 
Wardha,Deoli 
Wardha,Taroda 
Wardha,Chincholi 
Wardha,Rehaki (Kala) 
Wardha,Ladki 
Wardha,Pimpalgaon 
Wardha,Belgaon 
Wardha,Nachangaon 
Wardha,Pipri 
Wardha,Ekurli 
Wardha,Wardha 
Wardha,Sawli (Wagh) 
Wardha,Kanchangaon 
Wardha,Takarkheda 
Wardha,Waifad 
Wardha,Dhanoli (Gawande) 
Wardha,Girad 
Wardha,Arvi 
Wardha,Sindi 
Wardha,tamkikopra 
Wardha,Deoli (Rural) 
Wardha,Hiwara 
Wardha,Rasulabad 
Wardha,Sarkaspur 
Wardha,Arambha 
Wardha,Ashti 
Wardha,Khubgaon 
Wardha,Seloo 
Wardha,Takli 
Wardha,Deurwada 
Wardha,Jalgaon 
Wardha,Pavnar 
Wardha,Talegaon Shyamji Pant 
Wardha,Talodi 
Wardha,Isapur 
Wardha,Khapri 
Wardha,Borgaon Nighe 
Wardha,Fukta 
Wardha,Nijampur 
Wardha,Seldoh 
Wardha,Junona 
Wardha,Pulgaon 
Wardha,Bhidi 
Wardha,Digras 
Wardha,Parda 
Wardha,Allipur 
Wardha,Ghorad 
Wardha,Sindi(Railway) 
Wardha,Jungad 
Washim,Mangrulpir 
Washim,Pedgaon 
Washim,Warla 
Washim,Karanja 
Washim,Morgavham 
Washim,Chichamba Pen 
Washim,Ekalaspur 
Washim,Zodaga 
Washim,Mohari 
Washim,Netansa 
Washim,Pangarkhed 
Washim,Sukali 
Washim,Palodi 
Washim,Keshavnagar (N.V.) 
Washim,Asegaon Pen 
Washim,Waroli 
Washim,Arak 
Washim,Kothari 
Washim,Pedgaon  
Washim,Netanasa 
Washim,Wanoja 
Washim,Warud Kh. 
Washim,Kajaleshwar 
Washim,Abhaikheda 
Washim,Mungala 
Washim,Pimpalkhuta 
Washim,Kakadshivni 
Washim,Kotha 
Washim,Haral 
Washim,Jotibanagar 
Washim,Shelgaon Rajgure 
Washim,Sakhardoh 
Washim,Somthana 
Washim,Nandhana 
Washim,Meha 
Washim,Yevta 
Washim,Mandwa 
Washim,Borwha bk. 
Washim,Yedshi 
Washim,Dhanora bk. 
Yavatmal,Pardi 
Yavatmal,Yavatmal 
Yavatmal,Pimpalgaon 
Yavatmal,Bhojala 
Yavatmal,Nehrunagar 
Yavatmal,konzari 
Yavatmal,Wai 
Yavatmal,Nagthana 
Yavatmal,Gajipur 
Yavatmal,Kurha 
Yavatmal,Ghonsi 
Yavatmal,Sakhara 
Yavatmal,Shelu Kh 
Yavatmal,Sawana 
Yavatmal,Godani 
Yavatmal,Umartha 
Yavatmal,Kegaon 
Yavatmal,Mardi 
Yavatmal,Chopan 
Yavatmal,Gahuli 
Yavatmal,Mangi 
Yavatmal,Amanpur 
Yavatmal,Jamb Bajar 
Yavatmal,Belona 
Yavatmal,Lakhkhind 
Yavatmal,Sendur Sani 
Yavatmal,Chikhalgaon 
Yavatmal,Londari 
Yavatmal,Takali 
Yavatmal,Hardada 
Yavatmal,Ambali 
Yavatmal,Kurha (dhumani) 
Yavatmal,Mahagaon 
Yavatmal,Bansi 
Yavatmal,Deosari 
Yavatmal,Badad 
Yavatmal,Dhanki 
Yavatmal,Marwadi 
Yavatmal,Suknegaon 
Yavatmal,Lalguda 
Yavatmal,Sukali (Jahagir ) 
Yavatmal,Shembal Pimpri 
Yavatmal,Pophali 
Yavatmal,Weni Bk. 
Yavatmal,Kalgaon 
Yavatmal,Wadad 
Yavatmal,Wagad Kh 
Yavatmal,Wani 
Yavatmal,Zola 
Yavatmal,Parwa 
Yavatmal,Warud 
Yavatmal,Net 
Yavatmal,Pathrad (Devi) 
Yavatmal,Warzadi 
Yavatmal,Dongargaon 
Yavatmal,Kona 
Yavatmal,Kali (Tembhi) 
Yavatmal,Tembhurdara 
Yavatmal,Nandepera 
Yavatmal,Lakh Rayachi (R) 
Yavatmal,Akoli 
Yavatmal,Waghnath (New) 
Yavatmal,Akoli Kh 
Yavatmal,Digras 
Yavatmal,Ghonsa 
Yavatmal,Januna 
Yavatmal,Pimpri Diwat 
Yavatmal,Kohala 
Yavatmal,Palashi 
Yavatmal,Kopara (BK) 
Yavatmal,Mhais Dodaka 
Yavatmal,Murdhoni 
Yavatmal,Darwha 
Yavatmal,Wakad Kh 
Yavatmal,Chichghat 
Yavatmal,Bori (Ijara) 
Yavatmal,Tiwasa 
Yavatmal,Shelu Bk 
Yavatmal,Sevadasnagar 
Yavatmal,Shiwani 
Yavatmal,Marsul Tanda 
Yavatmal,Pandharkawda 
Yavatmal,Sawangi 
Yavatmal,Amboda 
Yavatmal,Narali 
Yavatmal,Ningnur Gahagir 
Yavatmal,Kanha 
Yavatmal,Kopara 
Yavatmal,Sawla 
Yavatmal,Jawala 
Yavatmal,Karegaon Yawali 
Yavatmal,Lohara 
Yavatmal,Gawara 
Yavatmal,Wegaon 
Yavatmal,Vidul 
Yavatmal,Maregaon 
Yavatmal,Umarkhed 
Yavatmal,Gunj 
Yavatmal,Dehani 
Yavatmal,Palshi 
Yavatmal,Ganeshpur 
Yavatmal,Chikhali 
Yavatmal,Rani Dhanora 
Yavatmal,Pusad 
Yavatmal,Shirpulli 
Yavatmal,Gopalpur 
Yavatmal,Karanwadi 
Yavatmal,Padha 
Yavatmal,Pahapal 
Yavatmal,Yevti 
Yavatmal,Rasa 
Yavatmal,Dighori 
Yavatmal,Sawali (Sa) 
Yavatmal,Yeranda 
Yavatmal,kawatha 
Yavatmal,Warodi 
Yavatmal,Kolgaon 
Yavatmal,sevadasnagar 
